system,seed,E_total,dE_per_atom,n_atoms,Fe_n,Fe_contact,Fe_contact_frac,Fe_roughness,Fe_height_mean,Fe_spread,fe_coverage,B_n,B_contact,B_contact_frac,B_roughness,B_height_mean,B_spread
femgo,seed_12,-433.27299663260493,0.0484844372549613,75,25,7,0.28,1.2889931435589554,3.6901699212010692,4.004162447787774,0.08875739644970414,,,,,,
femgo,seed_12,-433.213926860629,0.04927203421464052,75,25,3,0.12,1.2401908601944598,4.075441116830193,4.371528627786359,0.07692307692307693,,,,,,
femgo,seed_12,-433.24115452268256,0.04890899872059284,75,25,5,0.2,1.2797411790097704,4.057057122088872,4.379776039760273,0.07692307692307693,,,,,,
femgo,seed_12,-433.27203711041307,0.048497230884186136,75,25,5,0.2,1.2405490997423512,3.8175650960977117,4.252142463728841,0.06993006993006994,,,,,,
femgo,seed_12,-433.3012469349544,0.04810776655696827,75,25,6,0.24,1.257005457935068,3.707651775883077,3.9582849825476316,0.0763888888888889,,,,,,
femgo,seed_12,-433.2075113678111,0.0493575741188791,75,25,6,0.24,1.2787186626572062,3.653027356786051,4.073530679590922,0.08333333333333333,,,,,,
femgo,seed_12,-433.2685939791041,0.048543139301639254,75,25,6,0.24,1.2447660258946165,3.672327763941462,3.8761921057415076,0.08333333333333333,,,,,,
femgo,seed_12,-433.3300219247504,0.04772410002635524,75,25,7,0.28,1.325030250322984,3.8101090445115178,4.24418232096164,0.11363636363636363,,,,,,
femgo,seed_12,-433.87171320909425,0.04050154956843698,75,25,6,0.24,1.2703741792425511,3.842531541774903,4.385815113657737,0.06363636363636363,,,,,,
femgo,seed_12,-433.21944542546726,0.04919845335013027,75,25,5,0.2,1.2281435959332034,3.908243847806067,4.405330749440056,0.06944444444444445,,,,,,
femgo,seed_12,-433.26418027937245,0.048601988631394304,75,25,5,0.2,1.2047223711042034,3.718747308951748,3.8695709220509915,0.07692307692307693,,,,,,
femgo,seed_13,-433.6185495362208,0.04387706520674935,75,25,10,0.4,0.9998398998370466,3.220086678553307,3.466489843701906,0.24,,,,,,
femgo,seed_13,-434.9824398261545,0.025691861340966776,75,25,8,0.32,0.9603713760779037,3.247941352161783,3.149372638108103,0.28,,,,,,
femgo,seed_13,-435.23433384677907,0.022333274399306144,75,25,7,0.28,0.9280358034577988,3.397727584548984,2.9745915280433604,0.2545454545454545,,,,,,
femgo,seed_13,-435.0728926285373,0.024485823975862787,75,25,7,0.28,0.944752400381264,3.3386840792209584,2.850978512390853,0.26,,,,,,
femgo,seed_13,-433.46202230949694,0.045964094896401096,75,25,5,0.2,1.1451454538205181,3.602949318191625,4.390077135169177,0.26,,,,,,
femgo,seed_13,-435.0944572100849,0.02419829622189506,75,25,6,0.24,0.9164519905467345,3.36578957711442,3.022677382202966,0.23636363636363636,,,,,,
femgo,seed_13,-435.1649698226364,0.023258128054541582,75,25,7,0.28,0.9268373037802748,3.3877795648094327,3.0243278952858113,0.2545454545454545,,,,,,
femgo,seed_13,-434.3547877168627,0.03406055613152451,75,25,9,0.36,0.920853138134255,3.2618371698157707,2.7509305860339452,0.26,,,,,,
femgo,seed_13,-434.9643902166372,0.025932522801197896,75,25,8,0.32,0.914473549251334,3.263046941712446,2.736522002144943,0.21666666666666667,,,,,,
femgo,seed_13,-435.6783580333653,0.01641295191148932,75,25,7,0.28,0.9349766790566539,3.3307611332189624,2.965200906542737,0.2545454545454545,,,,,,
femgo,seed_13,-435.3131264400144,0.02128270648950168,75,25,9,0.36,0.9885691850195609,3.2369840710366264,3.3096405372428936,0.23636363636363636,,,,,,
femgo,seed_13,-435.64127182825484,0.01690743464629577,75,25,8,0.32,0.9429113325801679,3.3454838558166715,2.955623391851624,0.2545454545454545,,,,,,
femgo,seed_13,-435.7477585976184,0.015487611054782064,75,25,8,0.32,0.9326361225625541,3.2710490029746833,2.944644751942958,0.2545454545454545,,,,,,
femgo,seed_13,-434.745860452409,0.028846252990907335,75,25,8,0.32,0.9193030219450478,3.2369943173727522,2.9187317603438725,0.23333333333333334,,,,,,
femgo,seed_13,-435.5257177176057,0.018448156121617862,75,25,8,0.32,0.9117827755718845,3.206866951153751,2.640713709245924,0.2545454545454545,,,,,,
femgo,seed_13,-435.23637848949664,0.022306012496405098,75,25,11,0.44,0.9999993481251988,3.258147510851097,3.3753666254715338,0.2545454545454545,,,,,,
femgo,seed_13,-435.64633718321994,0.01683989658009447,75,25,8,0.32,0.9062886070529295,3.2565033253592754,2.6711610301809525,0.2545454545454545,,,,,,
femgo,seed_13,-435.280461206661,0.021718242934213473,75,25,11,0.44,0.9351886139723901,3.180036486697499,3.0790277342709906,0.2727272727272727,,,,,,
femgo,seed_14,-433.1810370639844,0.04971056483656867,75,25,9,0.36,0.9751161613704717,3.2150854112964367,3.273502860349863,0.047619047619047616,,,,,,
femgo,seed_14,-433.56090824173,0.044645615799960674,75,25,5,0.2,1.0789303848155354,3.527106038944116,3.6686620057411794,0.051587301587301584,,,,,,
femgo,seed_14,-433.2671352107815,0.048562589545940685,75,25,9,0.36,0.9728440616574874,3.2153936198512345,3.2694651064991955,0.047619047619047616,,,,,,
femgo,seed_14,-433.3441917150698,0.04753516948876268,75,25,7,0.28,0.926347080938142,3.245107422134581,3.3189466328023176,0.051587301587301584,,,,,,
femgo,seed_14,-433.73106723762186,0.04237682918806892,75,25,6,0.24,1.016574006069196,3.291245096304433,3.584904737279718,0.06363636363636363,,,,,,
femgo,seed_14,-433.20736780966814,0.049359488227451793,75,25,5,0.2,1.0810390082503119,3.5315511938365223,3.685290076682797,0.051587301587301584,,,,,,
femgo,seed_14,-433.585382515411,0.04431929215088,75,25,8,0.32,1.0578245806226112,3.268976997544714,3.8809312715443696,0.06060606060606061,,,,,,
femgo,seed_14,-433.3363588618905,0.04763960753115346,75,25,6,0.24,0.994434540198029,3.3438761949935367,3.464420273863567,0.05627705627705628,,,,,,
femgo,seed_14,-433.92176956682425,0.03983413146537032,75,25,7,0.28,0.9744607243625597,3.2702436538256245,3.421293926132721,0.05555555555555555,,,,,,
femgo,seed_14,-434.01383061911605,0.03860665076814636,75,25,6,0.24,1.0013281970936332,3.339813857856185,3.6192553035341977,0.051587301587301584,,,,,,
femgo,seed_14,-433.76499237730496,0.04192449399229417,75,25,8,0.32,0.8985679655360251,3.1464711017896345,2.6329871054611793,0.05555555555555555,,,,,,
femgo,seed_14,-433.50521190752215,0.04538823358939832,75,25,6,0.24,1.021344282416037,3.385183189404507,3.6171221664310895,0.06060606060606061,,,,,,
femgo,seed_14,-433.75906739925694,0.04200349369960122,75,25,9,0.36,0.8678341517547827,3.036544165926916,2.594642680259984,0.08658008658008658,,,,,,
femgo,seed_14,-433.6982539989525,0.04281433903699356,75,25,6,0.24,1.040774963017171,3.2886960145729534,3.679188817120213,0.06349206349206349,,,,,,
femgo,seed_14,-433.5205299634176,0.045183992844126046,75,25,6,0.24,0.9407007093078545,3.4154127371599063,3.4716725537392126,0.05371900826446281,,,,,,
femgo,seed_14,-434.86949094697565,0.027197846396685085,75,25,10,0.4,0.9157078120937058,3.0702049391780264,2.868032007586308,0.05555555555555555,,,,,,
femgo,seed_14,-433.7291468502963,0.04240243435241003,75,25,7,0.28,1.0307282426729831,3.39116566516923,3.628580301134109,0.04924242424242424,,,,,,
femgo,seed_14,-433.77639931869027,0.04177240144049013,75,25,5,0.2,0.9360284108776318,3.2814761975904783,3.3377270644102293,0.051587301587301584,,,,,,
femgo,seed_14,-434.9882998626628,0.025613727520856173,75,25,9,0.36,0.8753517727117178,3.0381410379459464,2.7655327046369216,0.05952380952380952,,,,,,
femgo,seed_14,-434.8129375145426,0.027951892162458688,75,25,9,0.36,0.9246148159266881,3.1210674798127576,2.946817397061741,0.050724637681159424,,,,,,
femgo,seed_14,-433.22102143852834,0.04917743984264916,75,25,5,0.2,0.9344770154293531,3.4519794507658754,3.3662008358072075,0.05371900826446281,,,,,,
femgo,seed_14,-435.45272189272197,0.019421433786734117,75,25,6,0.24,1.0023838980109034,3.329493436534902,3.5956479009414384,0.05555555555555555,,,,,,
femgo,seed_14,-434.08740762534734,0.03762562401839584,75,25,6,0.24,0.9398572996483188,3.3516843555557085,3.361295504128332,0.05194805194805195,,,,,,
femgo,seed_14,-433.6707609169755,0.04318091346335374,75,25,5,0.2,0.8646308920791919,3.271026404528902,2.649320347690999,0.047619047619047616,,,,,,
femgo,seed_14,-435.13626435610996,0.023640867608227534,75,25,8,0.32,0.8731118240994409,3.087247461167864,2.7843876087888546,0.06746031746031746,,,,,,
femgo,seed_14,-433.43614387268696,0.04630914072053429,75,25,11,0.44,0.7820650895736261,2.906377485898213,2.696759620752836,0.09166666666666666,,,,,,
femgo,seed_14,-435.3854746762898,0.02031806333916317,75,25,8,0.32,0.9147518326722865,3.275226692284053,2.6773185467561724,0.06060606060606061,,,,,,
femgo,seed_14,-435.13593820336877,0.02364521631144347,75,25,7,0.28,0.9390466645235613,3.3082076744049997,2.7979896739686314,0.06060606060606061,,,,,,
femgo,seed_14,-435.2044179338912,0.022732153237811113,75,25,6,0.24,0.9905741634728008,3.3434139456246674,3.496956887299584,0.05952380952380952,,,,,,
femgo,seed_14,-435.7717824079,0.015167293584360475,75,25,6,0.24,1.0123399332597223,3.3800472837137265,3.5697079707173955,0.051587301587301584,,,,,,
femgo,seed_15,-433.1688462489362,0.04987310903721133,75,25,5,0.2,1.1102546567382947,3.611287672820337,4.227306096120696,0.06666666666666667,,,,,,
femgo,seed_15,-433.79454748322337,0.04153042591338211,75,25,7,0.28,1.2296491602959105,3.631719789454271,4.212572648104976,0.09917355371900827,,,,,,
femgo,seed_15,-433.51319780474216,0.045281754959798186,75,25,7,0.28,1.2275180585043433,3.6280663137855838,4.257582544705381,0.09917355371900827,,,,,,
femgo,seed_15,-433.8835278659813,0.040344020809942926,75,25,7,0.28,1.2781571436610575,3.567005453327084,4.220710770859265,0.08974358974358974,,,,,,
femgo,seed_15,-433.6088351760988,0.044006590008376256,75,25,7,0.28,1.2586770646811947,3.661177218765736,4.221284377953406,0.23076923076923078,,,,,,
femgo,seed_3,-433.3183426582803,0.04787982357928968,75,25,6,0.24,0.8802511287721976,3.1601685106549717,2.8349059164786343,0.0979020979020979,,,,,,
femgo,seed_3,-434.6810163219636,0.029710841396845353,75,25,5,0.2,1.0166723185523636,3.381008467332336,4.001641677421709,0.10416666666666667,,,,,,
femgo,seed_3,-433.9351506612345,0.03965571687323366,75,25,6,0.24,1.0081515579247537,3.310860687263595,4.0280562947570395,0.10119047619047619,,,,,,
femgo,seed_3,-433.6999505562727,0.04279171827272421,75,25,5,0.2,1.0816524113371557,3.49438854840037,3.9281625553610002,0.07653061224489796,,,,,,
femgo,seed_3,-434.1383102676519,0.03694692212100184,75,25,4,0.16,1.0198185783185176,3.5334282337915095,3.9594157351935984,0.0979020979020979,,,,,,
femgo,seed_3,-433.74049744577155,0.042251093079406325,75,25,5,0.2,1.0586790177591174,3.45093181012977,3.9508427366579344,0.09615384615384616,,,,,,
femgo,seed_3,-434.3178194020268,0.03455346699600265,75,25,4,0.16,1.0345290968564829,3.5185174006580286,3.7061078753723127,0.1048951048951049,,,,,,
femgo,seed_3,-433.43921835026237,0.046268147686195485,75,25,4,0.16,1.0101671737732985,3.562531871122307,3.872936615529822,0.1111111111111111,,,,,,
femgo,seed_3,-434.413976676835,0.03327136999856066,75,25,5,0.2,1.0041129275140381,3.51943380065749,3.7252660995295983,0.08974358974358974,,,,,,
femgo,seed_3,-434.68227888433483,0.02969400723189589,75,25,7,0.28,0.9903151954670397,3.303143658296764,3.6597211187388528,0.09615384615384616,,,,,,
femgo,seed_3,-433.4771549909953,0.045762325809756324,75,25,6,0.24,1.0803645906128845,3.4203570599266113,3.991922079660741,0.09615384615384616,,,,,,
femgo,seed_3,-433.7265769021054,0.04243670032828807,75,25,7,0.28,1.0220295120157614,3.3774087489581945,3.670686705083307,0.08333333333333333,,,,,,
femgo,seed_3,-433.7941291331821,0.04153600391393259,75,25,6,0.24,1.0039380872088783,3.3449103938620586,3.8132208469553426,0.08333333333333333,,,,,,
femgo,seed_3,-433.4497945533262,0.04612713164534398,75,25,7,0.28,1.0180879457377048,3.3083055912081187,3.5098920173311345,0.08333333333333333,,,,,,
femgo,seed_3,-433.69128211368474,0.042907297507230546,75,25,6,0.24,1.1091328333003905,3.4754004480025524,3.967597042390805,0.08391608391608392,,,,,,
femgo,seed_3,-433.7973136169795,0.041493544129966725,75,25,7,0.28,1.0172625348394215,3.3153107136099225,3.361740450480477,0.08974358974358974,,,,,,
femgo,seed_3,-434.8690113408807,0.02720424114461745,75,25,7,0.28,1.0264337720005872,3.4310741487227148,3.9641993046572246,0.09615384615384616,,,,,,
femgo,seed_3,-433.70758869792724,0.04268987638399722,75,25,6,0.24,1.0542254736881898,3.365695852853357,3.7175508069383216,0.09027777777777778,,,,,,
femgo,seed_3,-434.08613724137547,0.03764256247135411,75,25,5,0.2,1.0429764903363425,3.4567308317107233,4.023233212208945,0.11570247933884298,,,,,,
femgo,seed_3,-434.40791613328474,0.03335217724589711,75,25,5,0.2,0.9891679043254236,3.4066678905664203,3.6990630061207774,0.10256410256410256,,,,,,
femgo,seed_3,-433.4204001798323,0.046519056625262845,75,25,4,0.16,0.9859509484981198,3.5038214489426918,3.890658377192876,0.09090909090909091,,,,,,
femgo,seed_3,-434.54930982280564,0.03146692805228516,75,25,6,0.24,1.0197791786508503,3.4426027084184194,3.8685079034419854,0.08974358974358974,,,,,,
femgo,seed_3,-434.0374201028812,0.03829212431794455,75,25,8,0.32,0.9519439467879166,3.3419796213024098,3.1723900194483257,0.11038961038961038,,,,,,
femgo,seed_3,-434.42253904566445,0.03315720508083435,75,25,7,0.28,1.0229969705914708,3.412862558122025,3.7026983812827154,0.08974358974358974,,,,,,
femgo,seed_3,-434.4859019042098,0.032312366966896204,75,25,6,0.24,0.900763765029907,3.1776813804012742,2.550291601280824,0.09615384615384616,,,,,,
femgo,seed_3,-434.2963759777351,0.03483937931989203,75,25,3,0.12,1.046131978159137,3.7490234781593386,3.6731347776272507,0.09090909090909091,,,,,,
femgo,seed_3,-435.10041360818565,0.024118877580551725,75,25,5,0.2,1.0041281679881566,3.430282654596499,3.751406754222721,0.09615384615384616,,,,,,
femgo,seed_3,-434.56835603571375,0.031212978546843715,75,25,5,0.2,0.9926037580561828,3.473275405891008,3.4910384205428056,0.08333333333333333,,,,,,
femgo,seed_3,-433.8460088749247,0.04084427402403132,75,25,5,0.2,1.0478532759601586,3.6423681628267928,3.9994268717967536,0.10416666666666667,,,,,,
femgo,seed_3,-434.69560041031093,0.029516386885547946,75,25,6,0.24,1.0436257267923268,3.386494041122657,3.7468877660935327,0.09722222222222222,,,,,,
femgo,seed_3,-434.47664362639614,0.032435810671078494,75,25,4,0.16,1.07786685295242,3.6685540340848166,3.791277224968379,0.0763888888888889,,,,,,
femgo,seed_3,-434.90260896204774,0.026756272862390535,75,25,7,0.28,1.0197977142370973,3.305033897250232,3.7927744553905978,0.09615384615384616,,,,,,
femgo,seed_3,-433.99592158159925,0.03884543793503705,75,25,8,0.32,0.8561927996535883,3.0094111330757816,2.4161697251552905,0.11188811188811189,,,,,,
femgo,seed_3,-434.84609841899095,0.02750974676981438,75,25,6,0.24,1.037112325660172,3.4226051400754187,3.690864418312101,0.09615384615384616,,,,,,
femgo,seed_3,-435.1324802743008,0.02369132203234964,75,25,6,0.24,1.0159424953650655,3.364798240080725,3.7015397338171034,0.10256410256410256,,,,,,
femgo,seed_3,-434.975338076862,0.025786551331533854,75,25,6,0.24,1.0012472949624747,3.440301681386592,3.7160358789788877,0.08974358974358974,,,,,,
femgo,seed_3,-434.21014565452657,0.03598911696267275,75,25,8,0.32,0.8721460555634112,3.121484847414079,2.5533354794032377,0.09615384615384616,,,,,,
femgo,seed_3,-435.31492588427136,0.02125871389940888,75,25,5,0.2,0.9957168875820493,3.38851788675039,3.698482307171993,0.10256410256410256,,,,,,
femgo,seed_3,-434.1004440752438,0.03745180468644321,75,25,5,0.2,1.1598815683698178,3.6257840695315315,3.827198911631079,0.09090909090909091,,,,,,
femgo,seed_5,-433.1790921200392,0.04973649742250472,75,25,7,0.28,1.1956651201230277,3.5541619379228724,3.928853885369506,0.07738095238095238,,,,,,
femgo,seed_5,-433.25987890844016,0.04865934024382492,75,25,4,0.16,1.0983068842352688,3.6735814779638543,3.6470063068839167,0.07100591715976332,,,,,,
femgo,seed_6,-433.30552903432255,0.0480506718987264,75,25,7,0.28,0.9476528893762445,3.3042272305109894,2.9147437313243714,0.0625,,,,,,
femgo,seed_6,-433.7164604229249,0.04257158671736155,75,25,7,0.28,0.986942719161038,3.34616301866527,3.0374435379491587,0.058823529411764705,,,,,,
femgo,seed_6,-433.3600654611495,0.047323519541034025,75,25,6,0.24,1.0619679212517,3.509709351488382,3.5891634690039407,0.05714285714285714,,,,,,
femgo,seed_6,-434.11046826453,0.037318148829293324,75,25,7,0.28,0.9567055636149264,3.3728994107853953,2.9825269274286086,0.05803571428571429,,,,,,
femgo,seed_6,-434.0226568528142,0.038488967652171295,75,25,7,0.28,0.9487648932627653,3.337761201839881,2.9628420752871882,0.06696428571428571,,,,,,
femgo,seed_6,-433.3481398891194,0.04748252716810157,75,25,7,0.28,0.9708675943964213,3.392969623635431,2.955568527988305,0.05803571428571429,,,,,,
femgo,seed_6,-434.09564143213,0.03751583992796062,75,25,8,0.32,0.9455572251746024,3.402220432361113,2.924903151981278,0.06696428571428571,,,,,,
femgo,seed_6,-434.0440882238399,0.03820321603849531,75,25,10,0.4,0.915283516723506,3.2569517492946387,2.924807762780423,0.0625,,,,,,
femgo,seed_6,-434.6410146048043,0.03024419762563639,75,25,10,0.4,0.9323016318481652,3.2621384801062305,2.9646069753840454,0.0625,,,,,,
femgo,seed_6,-433.88026263554787,0.04038755721572215,75,25,7,0.28,0.952622575525342,3.3942744224993175,2.953947075816437,0.0625,,,,,,
femgo,seed_6,-434.92986611843094,0.026392844110614534,75,25,8,0.32,0.9349850352854004,3.2767288531961514,2.9977343735827944,0.06190476190476191,,,,,,
femgo,seed_7,-434.1446118566638,0.036862900934176344,75,25,9,0.36,0.8897824274994238,3.0835542300564525,2.6180833131477375,0.19480519480519481,,,,,,
femgo,seed_7,-433.90154108157225,0.040103844602063725,75,25,10,0.4,0.8715269285449376,3.0965962705099566,2.508835685979191,0.22077922077922077,,,,,,
femgo,seed_7,-434.6957260114619,0.029514712203535208,75,25,8,0.32,0.9492008455407225,3.175559743045934,3.1467559859973537,0.26666666666666666,,,,,,
femgo,seed_7,-434.23809342657273,0.03561648000205726,75,25,9,0.36,0.948257598132165,3.3173417202481246,3.057133012594109,0.23636363636363636,,,,,,
femgo,seed_7,-434.4800062663838,0.03239097547124326,75,25,9,0.36,1.0128568982775075,3.3573917564386453,3.1616973254127068,0.28,,,,,,
femgo,seed_7,-433.8265800904939,0.04110332448310828,75,25,9,0.36,1.0714538976221575,3.4028506081086487,3.6893990480785046,0.325,,,,,,
femgo,seed_7,-435.2557805005856,0.02204731901521882,75,25,9,0.36,0.9908026247859032,3.28563253274932,3.460904897468902,0.2727272727272727,,,,,,
femgo,seed_7,-435.4691907795547,0.019201848628964246,75,25,7,0.28,1.028445923974198,3.360791316861716,3.7077874240581554,0.26,,,,,,
femgo,seed_7,-433.21955656882415,0.04919697143870508,75,25,8,0.32,1.0445849464917851,3.4047437111252052,3.632339925303137,0.21666666666666667,,,,,,
femgo,seed_7,-434.5226046831613,0.0318229965808761,75,25,6,0.24,0.9775933780437039,3.319702459829386,3.7506380041149754,0.3090909090909091,,,,,,
femgo,seed_7,-434.0680378443728,0.03788388776472326,75,25,8,0.32,0.9814982531342937,3.213073440084287,3.500662528550473,0.3,,,,,,
femgo,seed_7,-434.48203410609364,0.03236393760844521,75,25,10,0.4,0.9732402799327563,3.1564484492515446,3.0959725761299257,0.2727272727272727,,,,,,
femgo,seed_7,-433.82954029977503,0.04106385502602658,75,25,5,0.2,1.0339969938744573,3.4933513634723727,3.7699200331929035,0.29545454545454547,,,,,,
femgo,seed_7,-435.56940589413847,0.01786564710118076,75,25,8,0.32,1.036138854526642,3.3421321055430337,3.817406963541327,0.3181818181818182,,,,,,
femgo,seed_7,-435.98338870466034,0.01234587629422246,75,25,9,0.36,1.0191692409833635,3.3118144348789853,3.5999863824393863,0.28,,,,,,
femgo,seed_7,-433.6120530042636,0.04396368563284568,75,25,8,0.32,0.984734796946179,3.241897411309062,3.6419056976952806,0.2545454545454545,,,,,,
femgo,seed_7,-436.26451795478425,0.008597486292570315,75,25,7,0.28,1.0492306342683786,3.439476136716787,3.6771715916545453,0.3409090909090909,,,,,,
femgo,seed_7,-436.4300167295075,0.006390835962927213,75,25,7,0.28,0.9934813654206962,3.4220119043662005,3.5894184297089406,0.325,,,,,,
femgo,seed_7,-435.0969952634374,0.024164455510528267,75,25,9,0.36,0.9950773273639145,3.320693747354925,3.16332357354562,0.26666666666666666,,,,,,
femgo,seed_7,-434.48749557452487,0.03229111802936207,75,25,5,0.2,1.0287532340983119,3.556788965854358,3.2680759019165784,0.2727272727272727,,,,,,
femgo,seed_7,-436.7253892597572,0.0024525355595975875,75,25,7,0.28,1.0138224408984473,3.3722894986139,3.62073092624186,0.35,,,,,,
femgo,seed_7,-435.0918947150154,0.024232462822821314,75,25,7,0.28,1.0217594813376898,3.3975852566953644,3.308309830647353,0.36363636363636365,,,,,,
femgo,seed_7,-435.2785088628604,0.02174427418488828,75,25,9,0.36,0.9439201468418116,3.1485050521212496,2.911767167284806,0.26666666666666666,,,,,,
femgo,seed_7,-436.85650002333864,0.0007043920451784894,75,25,9,0.36,1.0282487927110375,3.3625234250656137,3.6689500335440197,0.3409090909090909,,,,,,
femgo,seed_7,-436.6444384384548,0.003531879843629516,75,25,7,0.28,1.028075302984002,3.402729647580498,3.7195030148229637,0.3,,,,,,
femgo,seed_7,-436.909329426727,0.0,75,25,7,0.28,1.0226400871173624,3.4156409456241104,3.6520651425913826,0.3409090909090909,,,,,,
femgo,seed_7,-434.1240838894648,0.03713660716349598,75,25,9,0.36,0.910102644024092,3.1567575972772124,2.7180571704729886,0.2545454545454545,,,,,,
femgo,seed_7,-436.35706953937654,0.007363465164673168,75,25,7,0.28,1.0040905314792652,3.3776587668123814,3.679502314835739,0.35,,,,,,
femgo,seed_7,-436.112612285749,0.010622895213040617,75,25,7,0.28,1.048053165785385,3.4114399918176344,3.7254776750100245,0.3409090909090909,,,,,,
femgo,seed_7,-436.7982714024932,0.0014807736564512197,75,25,6,0.24,1.0228407496012533,3.392740216483615,3.6573581155666623,0.3409090909090909,,,,,,
femgo,seed_7,-434.2808190732678,0.035046804712789405,75,25,9,0.36,1.0009176712856698,3.2954321905630155,3.0374867532429395,0.26666666666666666,,,,,,
femgo,seed_7,-435.4169456430724,0.019898450448728604,75,25,9,0.36,0.9546499828385487,3.1685471752446634,2.917809697393995,0.2833333333333333,,,,,,
femgo,seed_7,-436.8974650128373,0.00015819218519633673,75,25,7,0.28,1.0195745044462274,3.3710461824569156,3.647511507052016,0.3409090909090909,,,,,,
femgo,seed_7,-436.88441363753026,0.0003322105226235787,75,25,7,0.28,1.016360679681648,3.3769151147976904,3.66290830586302,0.3409090909090909,,,,,,
femgo,seed_7,-436.8864014239148,0.00030570670416333695,75,25,7,0.28,1.0025185904966543,3.3416044519056296,3.579664916573213,0.3409090909090909,,,,,,
femgo,seed_7,-436.35610937923536,0.007376267299888847,75,25,7,0.28,1.040261919320368,3.367122477350106,3.6779841442947223,0.29545454545454547,,,,,,
femgo,seed_7,-436.0691073173389,0.011202961458508676,75,25,8,0.32,1.032050116196894,3.3689026334506775,3.673828714739379,0.2916666666666667,,,,,,
femgo,seed_7,-436.2026168066009,0.009422834935015393,75,25,7,0.28,1.0320986330239434,3.39759051406649,3.6896394029599566,0.2916666666666667,,,,,,
femgo,seed_7,-436.8849433882039,0.00032514718030824953,75,25,9,0.36,1.012838826133543,3.334600731388625,3.608337442143725,0.3409090909090909,,,,,,
femgo,seed_7,-436.8815679318688,0.0003701532647763391,75,25,7,0.28,1.0133222330050526,3.3553370109551865,3.621488003783691,0.3409090909090909,,,,,,
femgo,seed_7,-436.1823921181399,0.009692497447828524,75,25,7,0.28,1.0315447922356535,3.314612481357465,3.5967976044529877,0.29545454545454547,,,,,,
femgo,seed_7,-434.9993030890234,0.02546701783604855,75,25,7,0.28,0.9553496376133827,3.2854601394274043,2.795699387254647,0.2909090909090909,,,,,,
femgo,seed_7,-436.85668166893066,0.0007019701039515288,75,25,9,0.36,1.0109619448821967,3.3546442628441753,3.6128555010764973,0.3409090909090909,,,,,,
femgo,seed_7,-436.43644849041397,0.006305079150840811,75,25,8,0.32,1.0194459503179332,3.4320797150012017,3.712858715030496,0.35,,,,,,
femgo,seed_7,-436.83607022121294,0.00097678940685455,75,25,8,0.32,1.0126252694106794,3.349085387673783,3.633694837838801,0.3409090909090909,,,,,,
femgo,seed_7,-436.8494687106653,0.000798142880823131,75,25,7,0.28,1.018371047931034,3.387345467296009,3.639138601318926,0.3409090909090909,,,,,,
femgo,seed_7,-436.865885936359,0.0005792465382402649,75,25,9,0.36,1.0227360311529363,3.358210303577209,3.6476798524845364,0.3409090909090909,,,,,,
femgo,seed_7,-436.845246340006,0.0008544411562805483,75,25,7,0.28,1.0128292879828762,3.381447678916723,3.6397322028828256,0.3409090909090909,,,,,,
femgo,seed_7,-436.20781737085633,0.009353494078275919,75,25,6,0.24,1.0416849002105941,3.407183422687899,3.701338346663892,0.2727272727272727,,,,,,
femgo,seed_8,-433.40086023877143,0.046779589172741304,75,25,7,0.28,1.402209140936485,3.7389796081057383,4.432663554088576,0.06666666666666667,,,,,,
femgo,seed_9,-433.6985815992795,0.042809971032633405,75,25,7,0.28,0.8961367967288378,3.3636516312766207,2.989134021222613,0.10416666666666667,,,,,,
femgo,seed_9,-434.3208137096466,0.03451354289440587,75,25,9,0.36,0.9386163998462088,3.220847467662214,3.0577867310476723,0.10743801652892562,,,,,,
femgo,seed_9,-433.7474542977249,0.0421583350533615,75,25,6,0.24,1.0049435052241746,3.4214648587351286,3.7174596591259395,0.09917355371900827,,,,,,
femgo,seed_9,-434.5388969320335,0.031605766595913944,75,25,7,0.28,0.977807011245741,3.4074363581358686,3.0497962198305437,0.09090909090909091,,,,,,
femgo,seed_9,-433.35622587655615,0.04737471400227832,75,25,5,0.2,1.0572154932659192,3.606368229318846,3.311169960711677,0.08333333333333333,,,,,,
femgo,seed_9,-433.53504397531367,0.04499047268551142,75,25,9,0.36,1.0659306391384182,3.3815123785318555,3.631121411404825,0.10743801652892562,,,,,,
femgo,seed_9,-433.3664022412317,0.04723902913993773,75,25,6,0.24,1.0256932472386457,3.666861844845276,3.079952019804077,0.08333333333333333,,,,,,
femgo,seed_9,-433.65899071508125,0.04333784948861042,75,25,7,0.28,1.017845538496176,3.590810949107306,3.1033708253755847,0.08333333333333333,,,,,,
femgo,seed_9,-434.19909665822973,0.036136436913297224,75,25,7,0.28,0.9669943208371612,3.3644221050826757,3.073537515635506,0.09090909090909091,,,,,,
femgo,seed_9,-433.23820707006746,0.048948298088794216,75,25,8,0.32,1.1636479674879336,3.6612502412289594,3.9655460953141137,0.09090909090909091,,,,,,
femgo,seed_9,-434.36316123469965,0.03394890922703174,75,25,8,0.32,1.0122606037833426,3.3720517825393177,3.6634370149835878,0.10606060606060606,,,,,,
femgo,seed_9,-435.27193078577335,0.02183198187938236,75,25,9,0.36,0.9662737424783896,3.306090114667878,2.9985045155174426,0.11666666666666667,,,,,,
femgo,seed_9,-435.26263323865345,0.021955949174314357,75,25,7,0.28,0.9436865173690197,3.2988406893563496,3.0655649128945637,0.11363636363636363,,,,,,
femgo,seed_9,-435.67802422493077,0.016417402690616808,75,25,7,0.28,0.9227778398455413,3.3387070351433743,3.022674538897796,0.11363636363636363,,,,,,
femgo,seed_9,-433.1889131836072,0.04960554990826419,75,25,6,0.24,0.9351214631600364,3.4083985406217403,2.9974893852068334,0.09090909090909091,,,,,,
femgo,seed_9,-435.3928851821712,0.020219256594077705,75,25,8,0.32,0.9377482470200433,3.215240911588181,3.2097540313285347,0.09848484848484848,,,,,,
femgo,seed_9,-434.5829132410946,0.031018882475098812,75,25,7,0.28,0.9153223960259349,3.3948572250346536,3.0733821163969335,0.10416666666666667,,,,,,
femgo,seed_9,-433.94051988634465,0.039584127205098414,75,25,8,0.32,1.0105213445762382,3.416240205482253,3.211305749342559,0.09090909090909091,,,,,,
femgo,seed_9,-435.4527511462413,0.019421043739809345,75,25,8,0.32,0.9607841671986075,3.282314399156329,3.1129028584091376,0.11363636363636363,,,,,,
femgo,seed_9,-433.85912980233013,0.04066932832529195,75,25,8,0.32,1.0291511967509337,3.4221669106191484,3.4494570980386055,0.10606060606060606,,,,,,
femgo,seed_9,-434.7978102114662,0.02815358953681122,75,25,9,0.36,0.9913819717313852,3.2660511502317773,3.1404920562678207,0.09917355371900827,,,,,,
femgo,seed_9,-434.18928460771883,0.036267264253442594,75,25,9,0.36,0.9919211525159944,3.423597861152936,3.0031507243509754,0.10606060606060606,,,,,,
femgo,seed_9,-433.51484432431147,0.045259801365540774,75,25,10,0.4,1.0494562936335226,3.339970518421447,3.2334960540645294,0.1,,,,,,
femgo,seed_9,-435.48563648828537,0.018982572512555484,75,25,8,0.32,0.9228243376639467,3.2580831494298543,3.1261809407843266,0.11363636363636363,,,,,,
femgo,seed_9,-435.7839622882889,0.01500489517917534,75,25,7,0.28,1.0627612568990539,3.463413848285418,3.1562754568602216,0.10650887573964497,,,,,,
femgo,seed_9,-434.3512321203811,0.03410796408461238,75,25,7,0.28,1.0413958739126987,3.297053440522475,3.126477661636354,0.11188811188811189,,,,,,
femgo,seed_9,-435.68985919054427,0.016259603149103442,75,25,7,0.28,1.101313924237003,3.479845550934605,3.550058620887503,0.09467455621301775,,,,,,
femgo,seed_9,-435.2588676251132,0.022006157354850682,75,25,7,0.28,1.0925940960850025,3.442747776024043,3.5060326945776463,0.12878787878787878,,,,,,
femgo,seed_9,-435.3254407664828,0.02111851546992284,75,25,9,0.36,0.9729967567375744,3.2052649883417654,3.0949164885809157,0.12727272727272726,,,,,,
femgo,seed_9,-435.1871014950888,0.022963039088509354,75,25,8,0.32,0.972748647074131,3.310387585523892,3.1327398242920843,0.10606060606060606,,,,,,
femgo,seed_9,-435.76435551491994,0.015266318824094469,75,25,7,0.28,1.0883760881257147,3.6399157798853468,3.514799209244565,0.0743801652892562,,,,,,
femgo,seed_9,-435.6124951823572,0.017291123258264634,75,25,9,0.36,0.9408969253884447,3.2804446097766276,3.1018045392009324,0.10606060606060606,,,,,,
femgo,seed_9,-434.4939637408493,0.0322048758117027,75,25,8,0.32,1.0146028861651737,3.3257171387677174,3.1954019524094264,0.10743801652892562,,,,,,
femgo,seed_9,-434.5129195137502,0.031952132173024284,75,25,7,0.28,0.9669746084144435,3.351635453694613,3.06079956746162,0.11805555555555555,,,,,,
femgo,seed_9,-434.026445204455,0.03843845629696034,75,25,5,0.2,1.199778940445005,3.833290640973886,4.195507962969277,0.11363636363636363,,,,,,
femgo,seed_9,-434.5534744251101,0.03141140002155907,75,25,8,0.32,0.9916598041064203,3.3660401459155214,3.1108521019665254,0.10897435897435898,,,,,,
femgo,seed_9,-434.5263452679409,0.03177312211714858,75,25,7,0.28,1.1150059714236007,3.4898896687915273,3.4166606577591043,0.08391608391608392,,,,,,
femgo,seed_9,-434.1574782577611,0.036691348919545515,75,25,10,0.4,0.9809413520984092,3.139116427102932,3.0214638464882206,0.1282051282051282,,,,,,
femgo,seed_9,-434.40513163466835,0.03338930389411568,75,25,10,0.4,1.0401380947215682,3.3228216864742874,3.230164623059638,0.13636363636363635,,,,,,
femgo,seed_9,-435.85174217449435,0.014101163363102387,75,25,7,0.28,1.0392020822370955,3.532261792719626,2.9995101756800917,0.11888111888111888,,,,,,
femgo,seed_9,-436.6334897981879,0.0036778617138550846,75,25,8,0.32,1.030866621616896,3.329743495004135,3.0605896524098792,0.12179487179487179,,,,,,
femgo,seed_9,-436.8379955183079,0.0009511187789219851,75,25,8,0.32,1.0313994529569785,3.424474037929486,3.038183335855207,0.12727272727272726,,,,,,
febmgo,seed_1,-451.9681168261872,0.044156940173499276,78,25,7,0.28,0.8010490614223468,3.195956087349755,2.315269354311029,0.08205128205128205,3,0,0.0,0.46192926095681386,3.230766163401851,1.0820692984636846
febmgo,seed_1,-452.4700155451279,0.03772234121272096,78,25,6,0.24,0.7929073008241533,3.232404345122301,2.340375490386167,0.07179487179487179,3,0,0.0,1.0223477051070229,3.6862663476371416,2.3876910396125393
febmgo,seed_1,-451.6675825956813,0.04800994312870298,78,25,7,0.28,0.8255655589398839,3.3008148869214797,2.531247071630931,0.07142857142857142,3,0,0.0,1.0491679091820614,3.7772336197465317,2.4662168191129936
febmgo,seed_1,-452.9364812049584,0.03174201224053537,78,25,7,0.28,0.7852138749147333,3.120087723945028,2.4195816699725157,0.07142857142857142,3,0,0.0,0.9160185703671221,3.6369290758356647,2.138292407488903
febmgo,seed_1,-452.33043245731386,0.039511867979567884,78,25,11,0.44,0.9583288397607072,3.1804993982220484,3.5879926677220766,0.0625,3,0,0.0,0.38796400858483604,3.1514593901533368,0.9238257793431739
febmgo,seed_1,-453.1378636305171,0.029160186271834386,78,25,7,0.28,1.251018576531773,3.6713869811825113,4.567883597114765,0.06593406593406594,3,0,0.0,0.9828509421383061,4.006351628583379,2.407302103198269
febmgo,seed_1,-452.25574379949194,0.04046941487472074,78,25,7,0.28,1.287873237157664,3.726506341272688,4.317197954681099,0.061224489795918366,3,0,0.0,1.293873187917302,3.770282682352326,2.8289700186821243
febmgo,seed_1,-452.87588048123587,0.03251894459595242,78,25,7,0.28,1.196267018786032,3.6630909990540523,4.124022986322418,0.06153846153846154,3,0,0.0,0.7016519159080585,3.707830214599386,1.591516332871425
febmgo,seed_1,-453.2396211862118,0.027855602224465842,78,25,7,0.28,0.796361904324634,3.0723068943124576,2.3400065642824437,0.07142857142857142,3,0,0.0,1.0195061419001716,3.5757656577727666,2.2596605977203286
febmgo,seed_1,-452.5751004881127,0.0363750983539418,78,25,6,0.24,0.7775799495654112,3.1964213521419924,2.271226975271226,0.07142857142857142,3,0,0.0,0.9965459842005914,3.6594486157347763,2.188292572417174
febmgo,seed_1,-453.23187706024044,0.02795488589076565,78,25,10,0.4,0.9084448529829102,3.113230745688303,3.2166768142177578,0.07211538461538461,3,0,0.0,0.652179574605944,3.5390651502413335,1.4393696383791887
febmgo,seed_1,-453.3177518787656,0.026853926678904683,78,25,7,0.28,0.8130557497785941,3.045932481929172,2.3805025631323193,0.06696428571428571,3,0,0.0,0.816171414764658,3.525472563769179,1.7775445057420498
febmgo,seed_1,-452.53027251814814,0.03694981591758998,78,25,5,0.2,1.2862728148137157,3.738370638502043,4.560861488383589,0.06666666666666667,3,0,0.0,0.2666706521256049,4.800153068873214,0.5925575535203063
febmgo,seed_1,-451.8410357271985,0.04578618503232872,78,25,10,0.4,0.9517556605261206,3.093463230597463,3.1635351059014614,0.07692307692307693,3,0,0.0,0.9894895808947735,3.68137058772574,2.159125617352535
febmgo,seed_1,-453.14207016351327,0.029106256361626785,78,25,9,0.36,0.8218225938590521,3.039432659313577,2.3877755873393998,0.07142857142857142,3,0,0.0,0.5463370995724037,3.4227851237391627,1.3330665685209606
febmgo,seed_1,-453.43121403555165,0.02539928364318601,78,25,8,0.32,0.8452676477187517,3.090903035449271,2.504635494384196,0.06696428571428571,3,0,0.0,0.5644716263584173,3.1883378396453286,1.2936850162543294
febmgo,seed_1,-453.32439046366784,0.026768816616055346,78,25,7,0.28,0.8339794603575016,3.077408058254806,2.606498861138949,0.07589285714285714,3,0,0.0,0.6236391707192164,3.2657328607078635,1.3816722826474788
febmgo,seed_1,-453.7750510944946,0.02099111622084065,78,25,7,0.28,0.83667889877333,3.1120874162034204,2.468071529854239,0.07142857142857142,3,0,0.0,0.9472847159450303,3.6693651331341264,2.1277988156342698
febmgo,seed_1,-453.169571598467,0.0287536738622203,78,25,8,0.32,0.8740103322014565,3.161368414231969,2.541253997595595,0.07211538461538461,3,0,0.0,1.1506034047484928,3.7779065378076435,2.477547431480618
febmgo,seed_1,-453.48973925674886,0.02464896029450377,78,25,12,0.48,0.8344636588428936,3.0366998817034,2.370529908469054,0.06696428571428571,3,0,0.0,0.5744428253002951,3.2053784882555596,1.2193204093735535
febmgo,seed_1,-453.5613147273352,0.02373132605621774,78,25,8,0.32,0.838036109813428,3.071575985074702,2.452840988698558,0.07142857142857142,3,0,0.0,0.574359881174677,3.173605512443187,1.291505600674137
febmgo,seed_1,-453.3928183970932,0.02589153541829421,78,25,9,0.36,0.8556955752739216,3.1705370044035397,2.5339079541071694,0.06666666666666667,3,0,0.0,0.9247179101792451,3.6444939251069517,2.1696483642232423
febmgo,seed_1,-452.837282906912,0.033013785292412515,78,25,6,0.24,1.3152571877071562,3.8308173565293457,4.349748615307403,0.05641025641025641,3,0,0.0,1.2066218500724097,4.197575001877118,2.9028421281891017
febmgo,seed_1,-452.91885469795943,0.03196799309949647,78,25,5,0.2,0.8441105858717325,3.268251318065047,2.758537814609671,0.08205128205128205,3,0,0.0,0.9897811430159575,3.6446703443833535,2.314909397832235
febmgo,seed_1,-454.41848281941526,0.012741991542370466,78,25,14,0.56,0.8014178553860247,2.8970811521742097,2.3875780148727497,0.07142857142857142,3,0,0.0,0.8866531244171443,3.5463326901405083,1.9582233369757098
febmgo,seed_1,-453.9005842631938,0.01938171662213251,78,25,8,0.32,0.8070886723384281,3.0077561127370247,2.406094148571537,0.08205128205128205,3,0,0.0,0.9586981390169323,3.536551147019617,2.1805564792128127
febmgo,seed_2,-451.6896981254311,0.04772641069601345,78,25,4,0.16,1.0709220235203667,3.7516308773791227,3.316138243628723,0.25,3,0,0.0,0.5299924863524146,3.81228204825141,1.2882326963038455
febmgo,seed_2,-451.7296980257526,0.04721359146112237,78,25,2,0.08,1.046976143998762,3.8757624607833288,3.669252300676556,0.18181818181818182,3,0,0.0,0.5374984230647145,4.026606339130385,1.2443984001261992
febmgo,seed_2,-452.640836139897,0.03553233358747667,78,25,3,0.12,1.3348943219425256,4.222554504452209,4.490539635451464,0.2727272727272727,3,0,0.0,0.5439023636890074,4.415398716276823,1.1971581227438612
febmgo,seed_2,-453.0570087205385,0.030196787681816408,78,25,5,0.2,1.3797362589994868,4.236253213350637,4.510122641067678,0.22727272727272727,3,0,0.0,0.25144755076269476,4.731082146202991,0.6051276873327094
febmgo,seed_2,-453.1028076131266,0.02960962239222544,78,25,6,0.24,1.484411928350727,4.084560297865793,4.76810773363046,0.23333333333333334,3,0,0.0,0.8755017240428672,4.379444836630106,2.0696530655595353
febmgo,seed_2,-452.552952299574,0.03665904948905362,78,25,6,0.24,1.4594315244328964,4.196630787444098,4.872177325394613,0.225,3,0,0.0,0.8573571621593381,4.230079900216541,2.0890525144448855
febmgo,seed_2,-451.6678224501989,0.048006868070785184,78,25,5,0.2,1.4749650824499785,4.405397625777046,4.9344960959324755,0.24242424242424243,3,0,0.0,1.11797430353119,4.9895877922130145,2.4485324220999924
febmgo,seed_2,-452.98667485926705,0.031098503851962844,78,25,4,0.16,1.1284896576449908,3.7289995805360467,3.7360466957176577,0.25,3,0,0.0,0.18415613330084055,3.320759061078848,0.4438255301548022
febmgo,seed_2,-452.55195816916313,0.036671794750731124,78,25,4,0.16,1.0781679367479362,3.736987198036624,3.6900232072953347,0.22916666666666666,3,0,0.0,0.31476665156662076,3.43943246800276,0.7656985902981273
febmgo,seed_2,-452.2594512277968,0.04042188374260747,78,25,5,0.2,1.4660631525024643,4.117141161005701,4.869870612714484,0.25,3,0,0.0,0.7971219498868263,4.154752087667565,1.9366905446772265
febmgo,seed_2,-452.5804907882317,0.03630599194215952,78,25,5,0.2,1.4782902472240613,4.175905100752927,5.133365898459539,0.23333333333333334,3,0,0.0,1.0498170800204016,4.295664653303281,2.5666318034869082
febmgo,seed_2,-453.80343847963445,0.02062717538571417,78,25,6,0.24,1.450095437892961,4.081995331216067,4.801036371094066,0.26666666666666666,3,0,0.0,0.7704420943919105,4.0222944205975155,1.791123007930949
febmgo,seed_2,-453.43949374234086,0.025293133556144855,78,25,5,0.2,1.1371100229501192,3.7569922052019358,3.659236695557828,0.22916666666666666,3,0,0.0,0.22547555116242263,3.2642542273471378,0.5476792129940069
febmgo,seed_2,-453.89214470091224,0.01948991613856303,78,25,7,0.28,1.3789678584271212,3.9482223566613484,4.699877048384803,0.18333333333333332,3,0,0.0,0.5428045545415711,3.4644856310696297,1.2085512347650376
febmgo,seed_2,-452.7296299299003,0.03439395166435734,78,25,2,0.08,1.3390584673163883,4.182812934256476,4.448762192785136,0.16666666666666666,3,0,0.0,0.6023459535187229,3.3977486498490492,1.406636641204381
febmgo,seed_2,-451.8231592254189,0.04601537095257996,78,25,4,0.16,1.3232247155115437,4.191544695855994,4.3881894210976355,0.23333333333333334,3,0,0.0,0.4535857159680599,4.298636114573913,1.1056670731461793
febmgo,seed_2,-454.1813287393502,0.01578242846628159,78,25,6,0.24,1.406170588944331,3.9211627127635413,4.541291065247481,0.21666666666666667,3,0,0.0,0.44450348900743025,3.637743850820645,1.0629710180514245
febmgo,seed_2,-451.67420202585697,0.04792507863927161,78,25,7,0.28,1.169221000135397,3.564882613407434,3.7053105527701007,0.18055555555555555,3,0,0.0,0.41943003489822694,3.7481666899825825,0.9944777360398014
febmgo,seed_2,-452.4955136253304,0.03739544274858694,78,25,6,0.24,1.37056352676646,3.912957977428836,4.770209463960805,0.2,3,0,0.0,0.8877095626380844,3.8869051122383564,1.9588171460391681
febmgo,seed_2,-453.1958032017371,0.02841737125619331,78,25,8,0.32,1.440254301414575,3.7882050547000152,4.705916072879443,0.23636363636363636,3,0,0.0,0.7918247328827759,4.080151120536021,1.9339131558261577
febmgo,seed_2,-454.4934180808437,0.01178128306251872,78,25,7,0.28,1.4024619390755264,3.8062135162261024,4.562892808579422,0.23333333333333334,3,0,0.0,0.49824028869368153,3.5839231632761357,1.1783808587244202
febmgo,seed_2,-453.51667696716646,0.024303605032739685,78,25,7,0.28,1.288595890426329,3.7406288601029565,4.352139014915279,0.2727272727272727,3,0,0.0,0.4934876220147505,3.5918316839829707,1.1714303882650334
febmgo,seed_2,-452.7330532695922,0.03435006269394847,78,25,5,0.2,1.1474034090957652,3.8261871356524244,3.920799360581734,0.18461538461538463,3,0,0.0,0.2970948439177553,3.0910393664619886,0.6442434605372185
febmgo,seed_2,-454.18925967338936,0.01568074982475382,78,25,5,0.2,1.3201671736053002,3.802373792011141,4.37555230279864,0.23636363636363636,3,0,0.0,0.8502981390391849,4.2895800781716575,1.857564193480231
febmgo,seed_2,-454.0327411054827,0.01768739813124908,78,25,6,0.24,1.268473029955563,3.651857042352783,4.333336685864678,0.23636363636363636,3,0,0.0,0.1903430889816805,3.3312304579258094,0.46618804851215145
febmgo,seed_4,-451.88918264696485,0.04516891683019617,78,25,5,0.2,0.8643543791289149,3.339769912406971,2.810770627555561,0.11805555555555555,3,0,0.0,0.6381890755933678,3.7344843750588823,1.5430858924959168
febmgo,seed_4,-451.5697486432194,0.04926422457052272,78,25,7,0.28,0.8905406146722135,3.468794317571018,2.7988639919219,0.10606060606060606,3,0,0.0,0.5376104266264554,3.7298677003239327,1.3082895699811488
febmgo,seed_4,-452.2771602436826,0.04019484507740455,78,25,6,0.24,0.9291222711925028,3.2925507003078325,3.259307626418707,0.11363636363636363,3,0,0.0,0.509128305147767,3.3525292272445704,1.083943136981798
febmgo,seed_4,-453.42152559486937,0.02552349442116399,78,25,8,0.32,0.956022664016198,3.4260815266052678,3.4137829981346943,0.1388888888888889,3,0,0.0,0.5691081989451474,3.956531975258368,1.316701922698428
febmgo,seed_4,-453.7220212065453,0.021670986579164556,78,25,8,0.32,0.9673110863349129,3.401172656539502,3.123389405943339,0.12121212121212122,3,0,0.0,0.3443091373565428,3.6910635436435704,0.7508899667704831
febmgo,seed_4,-455.41235815972016,0.0,78,25,9,0.36,1.031414455008278,3.3065851859942406,3.767210467011699,0.14545454545454545,3,0,0.0,0.021280322752750217,4.099478552956401,0.04838599990047676
febmgo,seed_4,-452.0784605377804,0.04274227720435565,78,25,7,0.28,1.2565042210057011,3.7475995197789405,4.591300654975107,0.08888888888888889,3,0,0.0,0.049138196632408294,4.393233361972838,0.1201506433908186
febmgo,seed_4,-454.8884081650475,0.006717307624008311,78,25,9,0.36,1.0648283060597414,3.392546686119524,3.930937555327521,0.125,3,0,0.0,0.6845748749475473,4.71523057473777,1.4594938393845798
febmgo,seed_4,-453.51224138611803,0.024360471456437455,78,25,9,0.36,1.0795897079302599,3.4261052842898794,4.257465358625955,0.13636363636363635,3,0,0.0,0.6005460468950824,3.9297687610263243,1.3860321136034575
febmgo,seed_4,-453.12477024536565,0.029328050184032096,78,25,7,0.28,1.0484269865026752,3.29965388245614,4.198551241965772,0.10606060606060606,3,0,0.0,0.3436494490832156,3.9577251363880444,0.7617896107285524
febmgo,seed_4,-452.74884062045334,0.03414766075983103,78,25,7,0.28,1.1319794812625372,3.6317156650899967,4.369567059078612,0.07738095238095238,3,0,0.0,0.5000636586363117,4.654094323447078,1.1230079696580972
febmgo,seed_4,-451.67600479944724,0.047901966157345065,78,25,6,0.24,1.0954469293737759,3.7173033958500112,3.7959387744594775,0.12222222222222222,3,0,0.0,0.5168781151596685,4.581090530777913,1.1405963473428642
febmgo,seed_4,-452.54682658346,0.03673758431102742,78,25,8,0.32,0.9214485968851105,3.360767338188613,3.118005632750865,0.1487603305785124,3,0,0.0,0.5834966463143172,4.0799930677849465,1.4138126461444038
febmgo,seed_4,-454.68768055268407,0.009290738551744683,78,25,9,0.36,1.0640918209625936,3.4384420801163844,3.696249534064121,0.1,3,0,0.0,0.030016353448218933,4.137138227444561,0.07230284538922227
febmgo,seed_4,-452.8040604032234,0.033439714826881635,78,25,6,0.24,1.25373166632211,3.8458393956784467,4.420745072971604,0.11538461538461539,3,0,0.0,0.2815453118676331,4.388613796963628,0.6471417724840567
febmgo,seed_4,-451.5873722539278,0.04903828084349161,78,25,6,0.24,0.8893548964174258,3.4262942187337013,2.683694268181963,0.12962962962962962,3,1,0.3333333333333333,1.1672073184920877,2.840555154729771,2.5959971764032836
febmgo,seed_5,-452.02627438956205,0.043411330386642424,78,25,6,0.24,1.1751948445237226,3.6969812538717406,4.201113771106156,0.19696969696969696,3,0,0.0,0.09874199414557026,2.8861818118058284,0.237478073347706
febmgo,seed_5,-451.9422921596504,0.04448802564192023,78,25,7,0.28,1.2684852930762314,3.965274904096615,4.203771733783665,0.25,3,0,0.0,0.2929882076824603,2.937731700667546,0.7172611964476925
febmgo,seed_5,-452.1168518700797,0.04225008063641612,78,25,11,0.44,1.2568565609934201,3.4457949728090282,3.8343157525593003,0.2545454545454545,3,0,0.0,0.06334213620971475,2.686407475451103,0.13647014905504307
febmgo,seed_5,-451.9478190150676,0.04441716852118688,78,25,5,0.2,1.2511951418899734,3.897433458005223,4.3555642602282205,0.22,3,0,0.0,0.06482537320347823,3.689515201661111,0.1581162755431773
febmgo,seed_5,-452.9800882172244,0.031182947980714568,78,25,9,0.36,1.3274767040649766,3.614516039013401,4.197757897261697,0.2545454545454545,3,0,0.0,0.021813749890121796,2.8637903558809987,0.05173163107265033
