system,file,seed,iteration,E_total,dE_per_atom,max_force,dZ,n_atoms,n_template,template_indices
femgo,femgo/femgo_000.xyz,seed_13,73,-432.484832,0.000000,0.9930,2.5501,75,50,0;1;2;3;4;5;6;7;8;9;10;11;12;13;14;15;16;17;18;19;20;21;22;23;24;25;26;27;28;29;30;31;32;33;34;35;36;37;38;39;40;41;42;43;44;45;46;47;48;49
femgo,femgo/femgo_001.xyz,seed_11,90,-431.487833,0.013293,0.9115,2.8805,75,50,0;1;2;3;4;5;6;7;8;9;10;11;12;13;14;15;16;17;18;19;20;21;22;23;24;25;26;27;28;29;30;31;32;33;34;35;36;37;38;39;40;41;42;43;44;45;46;47;48;49
femgo,femgo/femgo_002.xyz,seed_11,75,-430.641791,0.024574,0.9779,2.3580,75,50,0;1;2;3;4;5;6;7;8;9;10;11;12;13;14;15;16;17;18;19;20;21;22;23;24;25;26;27;28;29;30;31;32;33;34;35;36;37;38;39;40;41;42;43;44;45;46;47;48;49
femgo,femgo/femgo_003.xyz,seed_11,66,-430.483501,0.026684,0.9683,2.3228,75,50,0;1;2;3;4;5;6;7;8;9;10;11;12;13;14;15;16;17;18;19;20;21;22;23;24;25;26;27;28;29;30;31;32;33;34;35;36;37;38;39;40;41;42;43;44;45;46;47;48;49
femgo,femgo/femgo_004.xyz,seed_11,61,-430.308344,0.029020,0.9425,2.0164,75,50,0;1;2;3;4;5;6;7;8;9;10;11;12;13;14;15;16;17;18;19;20;21;22;23;24;25;26;27;28;29;30;31;32;33;34;35;36;37;38;39;40;41;42;43;44;45;46;47;48;49
femgo,femgo/femgo_005.xyz,seed_11,59,-428.817058,0.048904,0.9905,2.3666,75,50,0;1;2;3;4;5;6;7;8;9;10;11;12;13;14;15;16;17;18;19;20;21;22;23;24;25;26;27;28;29;30;31;32;33;34;35;36;37;38;39;40;41;42;43;44;45;46;47;48;49
femgo,femgo/femgo_006.xyz,seed_11,48,-428.670789,0.050854,0.9943,2.3443,75,50,0;1;2;3;4;5;6;7;8;9;10;11;12;13;14;15;16;17;18;19;20;21;22;23;24;25;26;27;28;29;30;31;32;33;34;35;36;37;38;39;40;41;42;43;44;45;46;47;48;49
femgo,femgo/femgo_007.xyz,seed_3,46,-422.174484,0.137471,0.9391,1.2726,75,50,0;1;2;3;4;5;6;7;8;9;10;11;12;13;14;15;16;17;18;19;20;21;22;23;24;25;26;27;28;29;30;31;32;33;34;35;36;37;38;39;40;41;42;43;44;45;46;47;48;49
femgo,femgo/femgo_008.xyz,seed_10,26,-421.185581,0.150657,0.9824,1.1207,75,50,0;1;2;3;4;5;6;7;8;9;10;11;12;13;14;15;16;17;18;19;20;21;22;23;24;25;26;27;28;29;30;31;32;33;34;35;36;37;38;39;40;41;42;43;44;45;46;47;48;49
femgo,femgo/femgo_009.xyz,seed_13,20,-420.519916,0.159532,0.9716,0.3218,75,50,0;1;2;3;4;5;6;7;8;9;10;11;12;13;14;15;16;17;18;19;20;21;22;23;24;25;26;27;28;29;30;31;32;33;34;35;36;37;38;39;40;41;42;43;44;45;46;47;48;49
femgo,femgo/femgo_010.xyz,seed_13,23,-420.286261,0.162648,0.9962,0.4798,75,50,0;1;2;3;4;5;6;7;8;9;10;11;12;13;14;15;16;17;18;19;20;21;22;23;24;25;26;27;28;29;30;31;32;33;34;35;36;37;38;39;40;41;42;43;44;45;46;47;48;49
femgo,femgo/femgo_011.xyz,seed_5,32,-419.636166,0.171316,0.9945,0.8496,75,50,0;1;2;3;4;5;6;7;8;9;10;11;12;13;14;15;16;17;18;19;20;21;22;23;24;25;26;27;28;29;30;31;32;33;34;35;36;37;38;39;40;41;42;43;44;45;46;47;48;49
femgo,femgo/femgo_012.xyz,seed_5,33,-419.407510,0.174364,0.9561,0.3353,75,50,0;1;2;3;4;5;6;7;8;9;10;11;12;13;14;15;16;17;18;19;20;21;22;23;24;25;26;27;28;29;30;31;32;33;34;35;36;37;38;39;40;41;42;43;44;45;46;47;48;49
femgo,femgo/femgo_013.xyz,seed_15,27,-419.003730,0.179748,0.9114,0.4995,75,50,0;1;2;3;4;5;6;7;8;9;10;11;12;13;14;15;16;17;18;19;20;21;22;23;24;25;26;27;28;29;30;31;32;33;34;35;36;37;38;39;40;41;42;43;44;45;46;47;48;49
femgo,femgo/femgo_014.xyz,seed_7,32,-418.938464,0.180618,0.9329,1.0909,75,50,0;1;2;3;4;5;6;7;8;9;10;11;12;13;14;15;16;17;18;19;20;21;22;23;24;25;26;27;28;29;30;31;32;33;34;35;36;37;38;39;40;41;42;43;44;45;46;47;48;49
femgo,femgo/femgo_015.xyz,seed_13,27,-418.341483,0.188578,0.9763,1.7245,75,50,0;1;2;3;4;5;6;7;8;9;10;11;12;13;14;15;16;17;18;19;20;21;22;23;24;25;26;27;28;29;30;31;32;33;34;35;36;37;38;39;40;41;42;43;44;45;46;47;48;49
femgo,femgo/femgo_016.xyz,seed_8,19,-418.245642,0.189856,0.9870,0.0256,75,50,0;1;2;3;4;5;6;7;8;9;10;11;12;13;14;15;16;17;18;19;20;21;22;23;24;25;26;27;28;29;30;31;32;33;34;35;36;37;38;39;40;41;42;43;44;45;46;47;48;49
femgo,femgo/femgo_017.xyz,seed_11,22,-418.130671,0.191389,0.9108,0.0282,75,50,0;1;2;3;4;5;6;7;8;9;10;11;12;13;14;15;16;17;18;19;20;21;22;23;24;25;26;27;28;29;30;31;32;33;34;35;36;37;38;39;40;41;42;43;44;45;46;47;48;49
femgo,femgo/femgo_018.xyz,seed_6,20,-418.114138,0.191609,0.8825,0.3265,75,50,0;1;2;3;4;5;6;7;8;9;10;11;12;13;14;15;16;17;18;19;20;21;22;23;24;25;26;27;28;29;30;31;32;33;34;35;36;37;38;39;40;41;42;43;44;45;46;47;48;49
femgo,femgo/femgo_019.xyz,seed_15,16,-418.110847,0.191653,0.9372,0.0260,75,50,0;1;2;3;4;5;6;7;8;9;10;11;12;13;14;15;16;17;18;19;20;21;22;23;24;25;26;27;28;29;30;31;32;33;34;35;36;37;38;39;40;41;42;43;44;45;46;47;48;49
femgo,femgo/femgo_020.xyz,seed_6,14,-418.067962,0.192225,0.9391,0.0257,75,50,0;1;2;3;4;5;6;7;8;9;10;11;12;13;14;15;16;17;18;19;20;21;22;23;24;25;26;27;28;29;30;31;32;33;34;35;36;37;38;39;40;41;42;43;44;45;46;47;48;49
femgo,femgo/femgo_021.xyz,seed_14,16,-417.992032,0.193237,0.9267,0.0178,75,50,0;1;2;3;4;5;6;7;8;9;10;11;12;13;14;15;16;17;18;19;20;21;22;23;24;25;26;27;28;29;30;31;32;33;34;35;36;37;38;39;40;41;42;43;44;45;46;47;48;49
femgo,femgo/femgo_022.xyz,seed_7,23,-417.914565,0.194270,0.9716,0.0091,75,50,0;1;2;3;4;5;6;7;8;9;10;11;12;13;14;15;16;17;18;19;20;21;22;23;24;25;26;27;28;29;30;31;32;33;34;35;36;37;38;39;40;41;42;43;44;45;46;47;48;49
femgo,femgo/femgo_023.xyz,seed_10,22,-417.836388,0.195313,0.9252,0.1953,75,50,0;1;2;3;4;5;6;7;8;9;10;11;12;13;14;15;16;17;18;19;20;21;22;23;24;25;26;27;28;29;30;31;32;33;34;35;36;37;38;39;40;41;42;43;44;45;46;47;48;49
femgo,femgo/femgo_024.xyz,seed_15,23,-417.808148,0.195689,0.9575,0.0335,75,50,0;1;2;3;4;5;6;7;8;9;10;11;12;13;14;15;16;17;18;19;20;21;22;23;24;25;26;27;28;29;30;31;32;33;34;35;36;37;38;39;40;41;42;43;44;45;46;47;48;49
femgo,femgo/femgo_025.xyz,seed_14,24,-417.727871,0.196759,0.9887,0.1658,75,50,0;1;2;3;4;5;6;7;8;9;10;11;12;13;14;15;16;17;18;19;20;21;22;23;24;25;26;27;28;29;30;31;32;33;34;35;36;37;38;39;40;41;42;43;44;45;46;47;48;49
femgo,femgo/femgo_026.xyz,seed_9,12,-417.636707,0.197975,0.8446,0.0225,75,50,0;1;2;3;4;5;6;7;8;9;10;11;12;13;14;15;16;17;18;19;20;21;22;23;24;25;26;27;28;29;30;31;32;33;34;35;36;37;38;39;40;41;42;43;44;45;46;47;48;49
femgo,femgo/femgo_027.xyz,seed_6,11,-417.604245,0.198408,0.8470,0.1127,75,50,0;1;2;3;4;5;6;7;8;9;10;11;12;13;14;15;16;17;18;19;20;21;22;23;24;25;26;27;28;29;30;31;32;33;34;35;36;37;38;39;40;41;42;43;44;45;46;47;48;49
femgo,femgo/femgo_028.xyz,seed_15,13,-417.596591,0.198510,0.8469,0.0155,75,50,0;1;2;3;4;5;6;7;8;9;10;11;12;13;14;15;16;17;18;19;20;21;22;23;24;25;26;27;28;29;30;31;32;33;34;35;36;37;38;39;40;41;42;43;44;45;46;47;48;49
femgo,femgo/femgo_029.xyz,seed_7,14,-417.556127,0.199049,0.9829,0.0065,75,50,0;1;2;3;4;5;6;7;8;9;10;11;12;13;14;15;16;17;18;19;20;21;22;23;24;25;26;27;28;29;30;31;32;33;34;35;36;37;38;39;40;41;42;43;44;45;46;47;48;49
femgo,femgo/femgo_030.xyz,seed_3,20,-417.549823,0.199133,0.9490,0.0555,75,50,0;1;2;3;4;5;6;7;8;9;10;11;12;13;14;15;16;17;18;19;20;21;22;23;24;25;26;27;28;29;30;31;32;33;34;35;36;37;38;39;40;41;42;43;44;45;46;47;48;49
femgo,femgo/femgo_031.xyz,seed_3,16,-417.503347,0.199753,0.8418,0.0030,75,50,0;1;2;3;4;5;6;7;8;9;10;11;12;13;14;15;16;17;18;19;20;21;22;23;24;25;26;27;28;29;30;31;32;33;34;35;36;37;38;39;40;41;42;43;44;45;46;47;48;49
femgo,femgo/femgo_032.xyz,seed_7,11,-417.499162,0.199809,0.7862,0.0177,75,50,0;1;2;3;4;5;6;7;8;9;10;11;12;13;14;15;16;17;18;19;20;21;22;23;24;25;26;27;28;29;30;31;32;33;34;35;36;37;38;39;40;41;42;43;44;45;46;47;48;49
femgo,femgo/femgo_033.xyz,seed_8,17,-417.494256,0.199874,0.9648,0.0063,75,50,0;1;2;3;4;5;6;7;8;9;10;11;12;13;14;15;16;17;18;19;20;21;22;23;24;25;26;27;28;29;30;31;32;33;34;35;36;37;38;39;40;41;42;43;44;45;46;47;48;49
femgo,femgo/femgo_034.xyz,seed_13,17,-417.371509,0.201511,0.9802,0.0058,75,50,0;1;2;3;4;5;6;7;8;9;10;11;12;13;14;15;16;17;18;19;20;21;22;23;24;25;26;27;28;29;30;31;32;33;34;35;36;37;38;39;40;41;42;43;44;45;46;47;48;49
femgo,femgo/femgo_035.xyz,seed_7,21,-417.305648,0.202389,0.7676,0.0088,75,50,0;1;2;3;4;5;6;7;8;9;10;11;12;13;14;15;16;17;18;19;20;21;22;23;24;25;26;27;28;29;30;31;32;33;34;35;36;37;38;39;40;41;42;43;44;45;46;47;48;49
femgo,femgo/femgo_036.xyz,seed_12,22,-417.161009,0.204318,0.9811,0.0078,75,50,0;1;2;3;4;5;6;7;8;9;10;11;12;13;14;15;16;17;18;19;20;21;22;23;24;25;26;27;28;29;30;31;32;33;34;35;36;37;38;39;40;41;42;43;44;45;46;47;48;49
femgo,femgo/femgo_037.xyz,seed_5,21,-417.116130,0.204916,0.8448,0.0082,75,50,0;1;2;3;4;5;6;7;8;9;10;11;12;13;14;15;16;17;18;19;20;21;22;23;24;25;26;27;28;29;30;31;32;33;34;35;36;37;38;39;40;41;42;43;44;45;46;47;48;49
femgo,femgo/femgo_038.xyz,seed_8,15,-416.808710,0.209015,0.9888,0.1895,75,50,0;1;2;3;4;5;6;7;8;9;10;11;12;13;14;15;16;17;18;19;20;21;22;23;24;25;26;27;28;29;30;31;32;33;34;35;36;37;38;39;40;41;42;43;44;45;46;47;48;49
femgo,femgo/femgo_039.xyz,seed_8,12,-416.658371,0.211019,0.9065,0.0225,75,50,0;1;2;3;4;5;6;7;8;9;10;11;12;13;14;15;16;17;18;19;20;21;22;23;24;25;26;27;28;29;30;31;32;33;34;35;36;37;38;39;40;41;42;43;44;45;46;47;48;49
femgo,femgo/femgo_040.xyz,seed_4,12,-416.316138,0.215583,0.9410,0.0426,75,50,0;1;2;3;4;5;6;7;8;9;10;11;12;13;14;15;16;17;18;19;20;21;22;23;24;25;26;27;28;29;30;31;32;33;34;35;36;37;38;39;40;41;42;43;44;45;46;47;48;49
femgo,femgo/femgo_041.xyz,seed_3,24,-416.202603,0.217096,0.9817,0.0640,75,50,0;1;2;3;4;5;6;7;8;9;10;11;12;13;14;15;16;17;18;19;20;21;22;23;24;25;26;27;28;29;30;31;32;33;34;35;36;37;38;39;40;41;42;43;44;45;46;47;48;49
femgo,femgo/femgo_042.xyz,seed_13,29,-416.063436,0.218952,0.9692,1.0425,75,50,0;1;2;3;4;5;6;7;8;9;10;11;12;13;14;15;16;17;18;19;20;21;22;23;24;25;26;27;28;29;30;31;32;33;34;35;36;37;38;39;40;41;42;43;44;45;46;47;48;49
femgo,femgo/femgo_043.xyz,seed_8,20,-416.047481,0.219165,0.9751,0.2424,75,50,0;1;2;3;4;5;6;7;8;9;10;11;12;13;14;15;16;17;18;19;20;21;22;23;24;25;26;27;28;29;30;31;32;33;34;35;36;37;38;39;40;41;42;43;44;45;46;47;48;49
femgo,femgo/femgo_044.xyz,seed_12,24,-415.366222,0.228248,0.9386,0.1108,75,50,0;1;2;3;4;5;6;7;8;9;10;11;12;13;14;15;16;17;18;19;20;21;22;23;24;25;26;27;28;29;30;31;32;33;34;35;36;37;38;39;40;41;42;43;44;45;46;47;48;49
femgo,femgo/femgo_045.xyz,seed_15,17,-414.926274,0.234114,0.9185,0.0242,75,50,0;1;2;3;4;5;6;7;8;9;10;11;12;13;14;15;16;17;18;19;20;21;22;23;24;25;26;27;28;29;30;31;32;33;34;35;36;37;38;39;40;41;42;43;44;45;46;47;48;49
femgo,femgo/femgo_046.xyz,seed_7,18,-414.206317,0.243714,0.8453,0.0130,75,50,0;1;2;3;4;5;6;7;8;9;10;11;12;13;14;15;16;17;18;19;20;21;22;23;24;25;26;27;28;29;30;31;32;33;34;35;36;37;38;39;40;41;42;43;44;45;46;47;48;49
femgo,femgo/femgo_047.xyz,seed_6,15,-414.075070,0.245463,0.9038,0.0066,75,50,0;1;2;3;4;5;6;7;8;9;10;11;12;13;14;15;16;17;18;19;20;21;22;23;24;25;26;27;28;29;30;31;32;33;34;35;36;37;38;39;40;41;42;43;44;45;46;47;48;49
femgo,femgo/femgo_048.xyz,seed_10,21,-412.618643,0.264883,0.9274,0.0306,75,50,0;1;2;3;4;5;6;7;8;9;10;11;12;13;14;15;16;17;18;19;20;21;22;23;24;25;26;27;28;29;30;31;32;33;34;35;36;37;38;39;40;41;42;43;44;45;46;47;48;49
femgo,femgo/femgo_049.xyz,seed_12,28,-411.781563,0.276044,0.9838,0.4986,75,50,0;1;2;3;4;5;6;7;8;9;10;11;12;13;14;15;16;17;18;19;20;21;22;23;24;25;26;27;28;29;30;31;32;33;34;35;36;37;38;39;40;41;42;43;44;45;46;47;48;49
femgo,femgo/femgo_050.xyz,seed_15,15,-410.829929,0.288732,0.9895,0.0116,75,50,0;1;2;3;4;5;6;7;8;9;10;11;12;13;14;15;16;17;18;19;20;21;22;23;24;25;26;27;28;29;30;31;32;33;34;35;36;37;38;39;40;41;42;43;44;45;46;47;48;49
femgo,femgo/femgo_051.xyz,seed_7,17,-405.761905,0.356306,0.8387,0.0161,75,50,0;1;2;3;4;5;6;7;8;9;10;11;12;13;14;15;16;17;18;19;20;21;22;23;24;25;26;27;28;29;30;31;32;33;34;35;36;37;38;39;40;41;42;43;44;45;46;47;48;49
femgo,femgo/femgo_052.xyz,seed_14,20,-404.063440,0.378952,0.7490,0.0406,75,50,0;1;2;3;4;5;6;7;8;9;10;11;12;13;14;15;16;17;18;19;20;21;22;23;24;25;26;27;28;29;30;31;32;33;34;35;36;37;38;39;40;41;42;43;44;45;46;47;48;49
febmgo,febmgo/febmgo_000.xyz,seed_5,67,-444.871508,0.000000,0.9875,2.0021,78,50,0;1;2;3;4;5;6;7;8;9;10;11;12;13;14;15;16;17;18;19;20;21;22;23;24;25;26;27;28;29;30;31;32;33;34;35;36;37;38;39;40;41;42;43;44;45;46;47;48;49
febmgo,febmgo/febmgo_001.xyz,seed_5,57,-444.423724,0.005741,0.8869,1.3255,78,50,0;1;2;3;4;5;6;7;8;9;10;11;12;13;14;15;16;17;18;19;20;21;22;23;24;25;26;27;28;29;30;31;32;33;34;35;36;37;38;39;40;41;42;43;44;45;46;47;48;49
febmgo,febmgo/febmgo_002.xyz,seed_5,55,-443.764027,0.014198,1.0164,0.3341,78,50,0;1;2;3;4;5;6;7;8;9;10;11;12;13;14;15;16;17;18;19;20;21;22;23;24;25;26;27;28;29;30;31;32;33;34;35;36;37;38;39;40;41;42;43;44;45;46;47;48;49
febmgo,febmgo/febmgo_003.xyz,seed_4,38,-443.443276,0.018311,0.9962,0.5384,78,50,0;1;2;3;4;5;6;7;8;9;10;11;12;13;14;15;16;17;18;19;20;21;22;23;24;25;26;27;28;29;30;31;32;33;34;35;36;37;38;39;40;41;42;43;44;45;46;47;48;49
febmgo,febmgo/febmgo_004.xyz,seed_5,66,-443.193812,0.021509,0.9161,1.2681,78,50,0;1;2;3;4;5;6;7;8;9;10;11;12;13;14;15;16;17;18;19;20;21;22;23;24;25;26;27;28;29;30;31;32;33;34;35;36;37;38;39;40;41;42;43;44;45;46;47;48;49
febmgo,febmgo/febmgo_005.xyz,seed_5,62,-443.120119,0.022454,0.9470,1.2892,78,50,0;1;2;3;4;5;6;7;8;9;10;11;12;13;14;15;16;17;18;19;20;21;22;23;24;25;26;27;28;29;30;31;32;33;34;35;36;37;38;39;40;41;42;43;44;45;46;47;48;49
febmgo,febmgo/febmgo_006.xyz,seed_4,51,-443.096558,0.022756,1.0038,1.1200,78,50,0;1;2;3;4;5;6;7;8;9;10;11;12;13;14;15;16;17;18;19;20;21;22;23;24;25;26;27;28;29;30;31;32;33;34;35;36;37;38;39;40;41;42;43;44;45;46;47;48;49
febmgo,febmgo/febmgo_007.xyz,seed_5,52,-442.875299,0.025592,1.0608,0.7060,78,50,0;1;2;3;4;5;6;7;8;9;10;11;12;13;14;15;16;17;18;19;20;21;22;23;24;25;26;27;28;29;30;31;32;33;34;35;36;37;38;39;40;41;42;43;44;45;46;47;48;49
febmgo,febmgo/febmgo_008.xyz,seed_4,45,-442.838174,0.026068,1.0222,1.2575,78,50,0;1;2;3;4;5;6;7;8;9;10;11;12;13;14;15;16;17;18;19;20;21;22;23;24;25;26;27;28;29;30;31;32;33;34;35;36;37;38;39;40;41;42;43;44;45;46;47;48;49
febmgo,febmgo/febmgo_009.xyz,seed_5,58,-442.731793,0.027432,1.0686,1.3055,78,50,0;1;2;3;4;5;6;7;8;9;10;11;12;13;14;15;16;17;18;19;20;21;22;23;24;25;26;27;28;29;30;31;32;33;34;35;36;37;38;39;40;41;42;43;44;45;46;47;48;49
febmgo,febmgo/febmgo_010.xyz,seed_5,60,-442.573252,0.029465,1.0238,1.3696,78,50,0;1;2;3;4;5;6;7;8;9;10;11;12;13;14;15;16;17;18;19;20;21;22;23;24;25;26;27;28;29;30;31;32;33;34;35;36;37;38;39;40;41;42;43;44;45;46;47;48;49
febmgo,febmgo/febmgo_011.xyz,seed_5,63,-442.114406,0.035347,0.9577,1.3505,78,50,0;1;2;3;4;5;6;7;8;9;10;11;12;13;14;15;16;17;18;19;20;21;22;23;24;25;26;27;28;29;30;31;32;33;34;35;36;37;38;39;40;41;42;43;44;45;46;47;48;49
febmgo,febmgo/febmgo_012.xyz,seed_4,40,-442.016052,0.036608,0.9678,1.1313,78,50,0;1;2;3;4;5;6;7;8;9;10;11;12;13;14;15;16;17;18;19;20;21;22;23;24;25;26;27;28;29;30;31;32;33;34;35;36;37;38;39;40;41;42;43;44;45;46;47;48;49
febmgo,febmgo/febmgo_013.xyz,seed_4,53,-441.946387,0.037502,0.9972,1.1129,78,50,0;1;2;3;4;5;6;7;8;9;10;11;12;13;14;15;16;17;18;19;20;21;22;23;24;25;26;27;28;29;30;31;32;33;34;35;36;37;38;39;40;41;42;43;44;45;46;47;48;49
febmgo,febmgo/febmgo_014.xyz,seed_5,59,-441.743150,0.040107,0.8985,1.3414,78,50,0;1;2;3;4;5;6;7;8;9;10;11;12;13;14;15;16;17;18;19;20;21;22;23;24;25;26;27;28;29;30;31;32;33;34;35;36;37;38;39;40;41;42;43;44;45;46;47;48;49
febmgo,febmgo/febmgo_015.xyz,seed_4,46,-441.702624,0.040627,1.0321,1.2904,78,50,0;1;2;3;4;5;6;7;8;9;10;11;12;13;14;15;16;17;18;19;20;21;22;23;24;25;26;27;28;29;30;31;32;33;34;35;36;37;38;39;40;41;42;43;44;45;46;47;48;49
febmgo,febmgo/febmgo_016.xyz,seed_5,42,-441.511258,0.043080,1.0055,1.3112,78,50,0;1;2;3;4;5;6;7;8;9;10;11;12;13;14;15;16;17;18;19;20;21;22;23;24;25;26;27;28;29;30;31;32;33;34;35;36;37;38;39;40;41;42;43;44;45;46;47;48;49
febmgo,febmgo/febmgo_017.xyz,seed_1,22,-441.233743,0.046638,1.0067,0.0255,78,50,0;1;2;3;4;5;6;7;8;9;10;11;12;13;14;15;16;17;18;19;20;21;22;23;24;25;26;27;28;29;30;31;32;33;34;35;36;37;38;39;40;41;42;43;44;45;46;47;48;49
febmgo,febmgo/febmgo_018.xyz,seed_4,39,-441.198793,0.047086,0.9872,0.4156,78,50,0;1;2;3;4;5;6;7;8;9;10;11;12;13;14;15;16;17;18;19;20;21;22;23;24;25;26;27;28;29;30;31;32;33;34;35;36;37;38;39;40;41;42;43;44;45;46;47;48;49
febmgo,febmgo/febmgo_019.xyz,seed_4,28,-441.198646,0.047088,1.0138,0.0769,78,50,0;1;2;3;4;5;6;7;8;9;10;11;12;13;14;15;16;17;18;19;20;21;22;23;24;25;26;27;28;29;30;31;32;33;34;35;36;37;38;39;40;41;42;43;44;45;46;47;48;49
febmgo,febmgo/febmgo_020.xyz,seed_5,46,-441.079680,0.048613,1.0452,0.1417,78,50,0;1;2;3;4;5;6;7;8;9;10;11;12;13;14;15;16;17;18;19;20;21;22;23;24;25;26;27;28;29;30;31;32;33;34;35;36;37;38;39;40;41;42;43;44;45;46;47;48;49
febmgo,febmgo/febmgo_021.xyz,seed_4,25,-441.028243,0.049273,1.0657,0.1092,78,50,0;1;2;3;4;5;6;7;8;9;10;11;12;13;14;15;16;17;18;19;20;21;22;23;24;25;26;27;28;29;30;31;32;33;34;35;36;37;38;39;40;41;42;43;44;45;46;47;48;49
febmgo,febmgo/febmgo_022.xyz,seed_1,24,-441.018123,0.049402,0.9580,0.0264,78,50,0;1;2;3;4;5;6;7;8;9;10;11;12;13;14;15;16;17;18;19;20;21;22;23;24;25;26;27;28;29;30;31;32;33;34;35;36;37;38;39;40;41;42;43;44;45;46;47;48;49
febmgo,febmgo/febmgo_023.xyz,seed_5,24,-441.009984,0.049507,0.9648,0.0549,78,50,0;1;2;3;4;5;6;7;8;9;10;11;12;13;14;15;16;17;18;19;20;21;22;23;24;25;26;27;28;29;30;31;32;33;34;35;36;37;38;39;40;41;42;43;44;45;46;47;48;49
febmgo,febmgo/febmgo_024.xyz,seed_4,32,-440.662850,0.053957,0.9725,0.1581,78,50,0;1;2;3;4;5;6;7;8;9;10;11;12;13;14;15;16;17;18;19;20;21;22;23;24;25;26;27;28;29;30;31;32;33;34;35;36;37;38;39;40;41;42;43;44;45;46;47;48;49
febmgo,febmgo/febmgo_025.xyz,seed_4,29,-440.126942,0.060828,1.0796,0.0896,78,50,0;1;2;3;4;5;6;7;8;9;10;11;12;13;14;15;16;17;18;19;20;21;22;23;24;25;26;27;28;29;30;31;32;33;34;35;36;37;38;39;40;41;42;43;44;45;46;47;48;49
febmgo,febmgo/febmgo_026.xyz,seed_5,51,-440.085106,0.061364,0.9306,1.3103,78,50,0;1;2;3;4;5;6;7;8;9;10;11;12;13;14;15;16;17;18;19;20;21;22;23;24;25;26;27;28;29;30;31;32;33;34;35;36;37;38;39;40;41;42;43;44;45;46;47;48;49
febmgo,febmgo/febmgo_027.xyz,seed_1,26,-427.852375,0.218194,0.8275,0.0142,78,50,0;1;2;3;4;5;6;7;8;9;10;11;12;13;14;15;16;17;18;19;20;21;22;23;24;25;26;27;28;29;30;31;32;33;34;35;36;37;38;39;40;41;42;43;44;45;46;47;48;49
fecomgo,fecomgo/fecomgo_000.xyz,seed_1,89,-422.025235,0.000000,1.1367,2.3125,75,50,0;1;2;3;4;5;6;7;8;9;10;11;12;13;14;15;16;17;18;19;20;21;22;23;24;25;26;27;28;29;30;31;32;33;34;35;36;37;38;39;40;41;42;43;44;45;46;47;48;49
fecomgo,fecomgo/fecomgo_001.xyz,seed_1,90,-421.440046,0.007803,1.0863,2.7234,75,50,0;1;2;3;4;5;6;7;8;9;10;11;12;13;14;15;16;17;18;19;20;21;22;23;24;25;26;27;28;29;30;31;32;33;34;35;36;37;38;39;40;41;42;43;44;45;46;47;48;49
fecomgo,fecomgo/fecomgo_002.xyz,seed_1,92,-421.126259,0.011986,1.0655,2.2456,75,50,0;1;2;3;4;5;6;7;8;9;10;11;12;13;14;15;16;17;18;19;20;21;22;23;24;25;26;27;28;29;30;31;32;33;34;35;36;37;38;39;40;41;42;43;44;45;46;47;48;49
fecomgo,fecomgo/fecomgo_003.xyz,seed_1,82,-421.018627,0.013421,1.1266,2.7544,75,50,0;1;2;3;4;5;6;7;8;9;10;11;12;13;14;15;16;17;18;19;20;21;22;23;24;25;26;27;28;29;30;31;32;33;34;35;36;37;38;39;40;41;42;43;44;45;46;47;48;49
fecomgo,fecomgo/fecomgo_004.xyz,seed_3,36,-409.045256,0.173066,1.1332,0.7788,75,50,0;1;2;3;4;5;6;7;8;9;10;11;12;13;14;15;16;17;18;19;20;21;22;23;24;25;26;27;28;29;30;31;32;33;34;35;36;37;38;39;40;41;42;43;44;45;46;47;48;49
fecomgo,fecomgo/fecomgo_005.xyz,seed_0,44,-408.631738,0.178580,1.1384,1.4133,75,50,0;1;2;3;4;5;6;7;8;9;10;11;12;13;14;15;16;17;18;19;20;21;22;23;24;25;26;27;28;29;30;31;32;33;34;35;36;37;38;39;40;41;42;43;44;45;46;47;48;49
fecomgo,fecomgo/fecomgo_006.xyz,seed_0,32,-407.245718,0.197060,1.0462,0.0492,75,50,0;1;2;3;4;5;6;7;8;9;10;11;12;13;14;15;16;17;18;19;20;21;22;23;24;25;26;27;28;29;30;31;32;33;34;35;36;37;38;39;40;41;42;43;44;45;46;47;48;49
fecomgo,fecomgo/fecomgo_007.xyz,seed_0,45,-406.829161,0.202614,1.0845,0.8134,75,50,0;1;2;3;4;5;6;7;8;9;10;11;12;13;14;15;16;17;18;19;20;21;22;23;24;25;26;27;28;29;30;31;32;33;34;35;36;37;38;39;40;41;42;43;44;45;46;47;48;49
fecomgo,fecomgo/fecomgo_008.xyz,seed_3,23,-406.551727,0.206313,0.9690,0.1009,75,50,0;1;2;3;4;5;6;7;8;9;10;11;12;13;14;15;16;17;18;19;20;21;22;23;24;25;26;27;28;29;30;31;32;33;34;35;36;37;38;39;40;41;42;43;44;45;46;47;48;49
fecomgo,fecomgo/fecomgo_009.xyz,seed_1,19,-406.503468,0.206957,1.1079,0.1473,75,50,0;1;2;3;4;5;6;7;8;9;10;11;12;13;14;15;16;17;18;19;20;21;22;23;24;25;26;27;28;29;30;31;32;33;34;35;36;37;38;39;40;41;42;43;44;45;46;47;48;49
fecomgo,fecomgo/fecomgo_010.xyz,seed_1,21,-406.433280,0.207893,1.0712,0.1193,75,50,0;1;2;3;4;5;6;7;8;9;10;11;12;13;14;15;16;17;18;19;20;21;22;23;24;25;26;27;28;29;30;31;32;33;34;35;36;37;38;39;40;41;42;43;44;45;46;47;48;49
fecomgo,fecomgo/fecomgo_011.xyz,seed_2,24,-406.364977,0.208803,1.0325,0.0401,75,50,0;1;2;3;4;5;6;7;8;9;10;11;12;13;14;15;16;17;18;19;20;21;22;23;24;25;26;27;28;29;30;31;32;33;34;35;36;37;38;39;40;41;42;43;44;45;46;47;48;49
fecomgo,fecomgo/fecomgo_012.xyz,seed_0,47,-406.340777,0.209126,1.1434,0.9813,75,50,0;1;2;3;4;5;6;7;8;9;10;11;12;13;14;15;16;17;18;19;20;21;22;23;24;25;26;27;28;29;30;31;32;33;34;35;36;37;38;39;40;41;42;43;44;45;46;47;48;49
fecomgo,fecomgo/fecomgo_013.xyz,seed_1,23,-406.054512,0.212943,1.0595,0.0839,75,50,0;1;2;3;4;5;6;7;8;9;10;11;12;13;14;15;16;17;18;19;20;21;22;23;24;25;26;27;28;29;30;31;32;33;34;35;36;37;38;39;40;41;42;43;44;45;46;47;48;49
fecomgo,fecomgo/fecomgo_014.xyz,seed_2,21,-405.984877,0.213871,1.0348,0.0343,75,50,0;1;2;3;4;5;6;7;8;9;10;11;12;13;14;15;16;17;18;19;20;21;22;23;24;25;26;27;28;29;30;31;32;33;34;35;36;37;38;39;40;41;42;43;44;45;46;47;48;49
fecomgo,fecomgo/fecomgo_015.xyz,seed_0,22,-404.810097,0.229535,1.0033,0.0910,75,50,0;1;2;3;4;5;6;7;8;9;10;11;12;13;14;15;16;17;18;19;20;21;22;23;24;25;26;27;28;29;30;31;32;33;34;35;36;37;38;39;40;41;42;43;44;45;46;47;48;49
fecomgo,fecomgo/fecomgo_016.xyz,seed_3,16,-404.675248,0.231333,0.9947,0.2001,75,50,0;1;2;3;4;5;6;7;8;9;10;11;12;13;14;15;16;17;18;19;20;21;22;23;24;25;26;27;28;29;30;31;32;33;34;35;36;37;38;39;40;41;42;43;44;45;46;47;48;49
fecomgo,fecomgo/fecomgo_017.xyz,seed_0,49,-403.669643,0.244741,1.1392,2.0341,75,50,0;1;2;3;4;5;6;7;8;9;10;11;12;13;14;15;16;17;18;19;20;21;22;23;24;25;26;27;28;29;30;31;32;33;34;35;36;37;38;39;40;41;42;43;44;45;46;47;48;49
fecobmgo,fecobmgo/fecobmgo_000.xyz,seed_2,98,-431.744782,0.000000,1.2232,3.3538,77,50,0;1;2;3;4;5;6;7;8;9;10;11;12;13;14;15;16;17;18;19;20;21;22;23;24;25;26;27;28;29;30;31;32;33;34;35;36;37;38;39;40;41;42;43;44;45;46;47;48;49
fecobmgo,fecobmgo/fecobmgo_001.xyz,seed_0,75,-427.050250,0.060968,1.3151,1.3175,77,50,0;1;2;3;4;5;6;7;8;9;10;11;12;13;14;15;16;17;18;19;20;21;22;23;24;25;26;27;28;29;30;31;32;33;34;35;36;37;38;39;40;41;42;43;44;45;46;47;48;49
fecobmgo,fecobmgo/fecobmgo_002.xyz,seed_0,70,-425.997441,0.074641,1.3436,2.1600,77,50,0;1;2;3;4;5;6;7;8;9;10;11;12;13;14;15;16;17;18;19;20;21;22;23;24;25;26;27;28;29;30;31;32;33;34;35;36;37;38;39;40;41;42;43;44;45;46;47;48;49
fecobmgo,fecobmgo/fecobmgo_003.xyz,seed_0,64,-425.591194,0.079917,1.2883,1.5373,77,50,0;1;2;3;4;5;6;7;8;9;10;11;12;13;14;15;16;17;18;19;20;21;22;23;24;25;26;27;28;29;30;31;32;33;34;35;36;37;38;39;40;41;42;43;44;45;46;47;48;49
fecobmgo,fecobmgo/fecobmgo_004.xyz,seed_0,48,-425.148754,0.085663,1.2100,1.0265,77,50,0;1;2;3;4;5;6;7;8;9;10;11;12;13;14;15;16;17;18;19;20;21;22;23;24;25;26;27;28;29;30;31;32;33;34;35;36;37;38;39;40;41;42;43;44;45;46;47;48;49
fecobmgo,fecobmgo/fecobmgo_005.xyz,seed_1,48,-424.493240,0.094176,1.1716,0.9783,77,50,0;1;2;3;4;5;6;7;8;9;10;11;12;13;14;15;16;17;18;19;20;21;22;23;24;25;26;27;28;29;30;31;32;33;34;35;36;37;38;39;40;41;42;43;44;45;46;47;48;49
fecobmgo,fecobmgo/fecobmgo_006.xyz,seed_0,54,-423.717027,0.104257,1.1364,0.7731,77,50,0;1;2;3;4;5;6;7;8;9;10;11;12;13;14;15;16;17;18;19;20;21;22;23;24;25;26;27;28;29;30;31;32;33;34;35;36;37;38;39;40;41;42;43;44;45;46;47;48;49
fecobmgo,fecobmgo/fecobmgo_007.xyz,seed_2,65,-422.852926,0.115479,1.3412,0.7320,77,50,0;1;2;3;4;5;6;7;8;9;10;11;12;13;14;15;16;17;18;19;20;21;22;23;24;25;26;27;28;29;30;31;32;33;34;35;36;37;38;39;40;41;42;43;44;45;46;47;48;49
fecobmgo,fecobmgo/fecobmgo_008.xyz,seed_0,37,-422.833746,0.115728,1.1081,0.7976,77,50,0;1;2;3;4;5;6;7;8;9;10;11;12;13;14;15;16;17;18;19;20;21;22;23;24;25;26;27;28;29;30;31;32;33;34;35;36;37;38;39;40;41;42;43;44;45;46;47;48;49
fecobmgo,fecobmgo/fecobmgo_009.xyz,seed_1,41,-422.826779,0.115818,1.2944,0.8475,77,50,0;1;2;3;4;5;6;7;8;9;10;11;12;13;14;15;16;17;18;19;20;21;22;23;24;25;26;27;28;29;30;31;32;33;34;35;36;37;38;39;40;41;42;43;44;45;46;47;48;49
fecobmgo,fecobmgo/fecobmgo_010.xyz,seed_1,30,-422.431026,0.120958,1.3382,0.3926,77,50,0;1;2;3;4;5;6;7;8;9;10;11;12;13;14;15;16;17;18;19;20;21;22;23;24;25;26;27;28;29;30;31;32;33;34;35;36;37;38;39;40;41;42;43;44;45;46;47;48;49
fecobmgo,fecobmgo/fecobmgo_011.xyz,seed_0,46,-422.213207,0.123787,1.3057,0.7585,77,50,0;1;2;3;4;5;6;7;8;9;10;11;12;13;14;15;16;17;18;19;20;21;22;23;24;25;26;27;28;29;30;31;32;33;34;35;36;37;38;39;40;41;42;43;44;45;46;47;48;49
fecobmgo,fecobmgo/fecobmgo_012.xyz,seed_0,49,-421.786960,0.129322,1.2739,1.9778,77,50,0;1;2;3;4;5;6;7;8;9;10;11;12;13;14;15;16;17;18;19;20;21;22;23;24;25;26;27;28;29;30;31;32;33;34;35;36;37;38;39;40;41;42;43;44;45;46;47;48;49
fecobmgo,fecobmgo/fecobmgo_013.xyz,seed_0,32,-421.776109,0.129463,1.1802,2.2396,77,50,0;1;2;3;4;5;6;7;8;9;10;11;12;13;14;15;16;17;18;19;20;21;22;23;24;25;26;27;28;29;30;31;32;33;34;35;36;37;38;39;40;41;42;43;44;45;46;47;48;49
fecobmgo,fecobmgo/fecobmgo_014.xyz,seed_0,22,-421.570439,0.132134,1.2556,0.1088,77,50,0;1;2;3;4;5;6;7;8;9;10;11;12;13;14;15;16;17;18;19;20;21;22;23;24;25;26;27;28;29;30;31;32;33;34;35;36;37;38;39;40;41;42;43;44;45;46;47;48;49
fecobmgo,fecobmgo/fecobmgo_015.xyz,seed_1,45,-421.454933,0.133634,1.2247,1.4161,77,50,0;1;2;3;4;5;6;7;8;9;10;11;12;13;14;15;16;17;18;19;20;21;22;23;24;25;26;27;28;29;30;31;32;33;34;35;36;37;38;39;40;41;42;43;44;45;46;47;48;49
fecobmgo,fecobmgo/fecobmgo_016.xyz,seed_0,23,-419.922103,0.153541,1.1616,0.1321,77,50,0;1;2;3;4;5;6;7;8;9;10;11;12;13;14;15;16;17;18;19;20;21;22;23;24;25;26;27;28;29;30;31;32;33;34;35;36;37;38;39;40;41;42;43;44;45;46;47;48;49
