system,seed,iteration,E_total,n_atoms,dE_per_atom,dZ,B_contact_frac
fecomgo,seed_0,10,-404.2790082562374,75,0.2587238592023338,0.1487255851968179,nan
fecomgo,seed_0,11,-403.279770846539,75,0.2720470246649787,0.4385996950817592,nan
fecomgo,seed_0,20,-398.4659262131087,75,0.33623161977738314,0.8785947547453823,nan
fecomgo,seed_0,22,-404.81009716230443,75,0.2516426737881064,0.09102324152407881,nan
fecomgo,seed_0,23,-401.6833229701805,75,0.293332996349759,0.38302949394295993,nan
fecomgo,seed_0,25,-388.57353286473455,75,0.46813019775570486,2.7339279441588555,nan
fecomgo,seed_0,26,-398.4752861767703,75,0.33610682026189503,0.9549879717862062,nan
fecomgo,seed_0,27,-405.84792962072595,75,0.23780490767581947,0.9862158014844535,nan
fecomgo,seed_0,28,-404.18064494988533,75,0.26003536995369436,1.6370205412242278,nan
fecomgo,seed_0,29,-403.98258440272525,75,0.2626761772491621,1.1288744940712814,nan
fecomgo,seed_0,30,-406.5936946941235,75,0.22786137336385234,0.9188482730642136,nan
fecomgo,seed_0,31,-404.7400750477121,75,0.25257630198267106,2.36903221494323,nan
fecomgo,seed_0,32,-407.2457176851503,75,0.21916773348349503,0.049202621897688203,nan
fecomgo,seed_0,33,-404.88717962451454,75,0.25061490762530486,2.34860552690626,nan
fecomgo,seed_0,34,-407.11155060079096,75,0.2209566279416193,1.4275199429209184,nan
fecomgo,seed_0,35,-407.3216235906566,75,0.2181556547434108,1.430355331348153,nan
fecomgo,seed_0,36,-400.81241221886484,75,0.3049451397006343,1.0701814913519634,nan
fecomgo,seed_0,37,-406.8869256130719,75,0.22395162777787314,0.6654621705340737,nan
fecomgo,seed_0,38,-406.5415521123881,75,0.22855660778699075,1.926284122210344,nan
fecomgo,seed_0,39,-408.0185120935431,75,0.20886380803825735,1.1251374626009891,nan
fecomgo,seed_0,40,-407.30813679738554,75,0.21833547865369154,2.235073721688586,nan
fecomgo,seed_0,41,-407.55944472472305,75,0.21498470628919145,0.8964474469464729,nan
fecomgo,seed_0,42,-407.08835694102254,75,0.22126587673853162,1.032330530766357,nan
fecomgo,seed_0,43,-399.29168897923404,75,0.3252214495623783,2.115248746311268,nan
fecomgo,seed_0,44,-408.6317378644672,75,0.20068746442593616,1.4132869385498434,nan
fecomgo,seed_0,45,-406.82916140063804,75,0.22472181727699156,0.8134458777379425,nan
fecomgo,seed_0,46,-408.6493788943858,75,0.20045225069368824,2.0676049872788376,nan
fecomgo,seed_0,47,-406.3407765680978,75,0.23123361504419487,0.9812816528051904,nan
fecomgo,seed_0,48,-406.29825617198225,75,0.23180055365906885,2.188906789399047,nan
fecomgo,seed_0,49,-403.6696425111451,75,0.2668487358035638,2.0340868658831788,nan
fecomgo,seed_0,50,-410.82148323970887,75,0.1714908594227139,2.109957205223381,nan
fecomgo,seed_0,51,-410.1437594605533,75,0.1805271764781211,1.1112105813488107,nan
fecomgo,seed_0,52,-413.57015410258856,75,0.134841914584318,2.550204317890252,nan
fecomgo,seed_0,53,-408.22115262139727,75,0.20616193433353525,2.090216354668703,nan
fecomgo,seed_0,54,-414.42630895477635,75,0.12342651655514753,3.3871030441167775,nan
fecomgo,seed_0,55,-413.3949189433902,75,0.13717838337362914,2.613435773176425,nan
fecomgo,seed_0,56,-413.3867102657226,75,0.13728783240919712,2.718126834797417,nan
fecomgo,seed_0,57,-413.42691018572305,75,0.1367518334758582,2.271297401983924,nan
fecomgo,seed_0,58,-412.0177664785807,75,0.155540416237756,3.792359848280187,nan
fecomgo,seed_0,59,-414.3405445987925,75,0.12457004130159854,2.6850118815326542,nan
fecomgo,seed_0,60,-407.39606088956856,75,0.21716315742458467,0.9212328912571994,nan
fecomgo,seed_0,61,-411.1186867991091,75,0.1675281452973771,2.60949520602526,nan
fecomgo,seed_0,62,-412.40126974387744,75,0.150427039367133,3.0919723690939396,nan
fecomgo,seed_0,63,-414.44991894544034,75,0.12311171667962753,2.490838596941396,nan
fecomgo,seed_0,64,-415.5893604907315,75,0.10791916274241203,2.3705674606437093,nan
fecomgo,seed_0,65,-414.9680902267524,75,0.11620276626213354,2.419904564653727,nan
fecomgo,seed_0,66,-408.9486861153491,75,0.19646148774751054,2.566771658709394,nan
fecomgo,seed_0,67,-413.73423922951366,75,0.1326541128919833,2.4176704338414634,nan
fecomgo,seed_0,68,-409.8897520275084,75,0.18391394225205354,2.2139944090531642,nan
fecomgo,seed_0,69,-413.7263556111666,75,0.1327592278032777,2.377464270892901,nan
fecomgo,seed_0,70,-417.00451868319215,75,0.08905038684293685,2.2787566037199785,nan
fecomgo,seed_0,71,-416.0139120639893,75,0.10225847509897448,2.606607630135592,nan
fecomgo,seed_0,72,-414.59285246634926,75,0.12120593640084204,4.265896562737966,nan
fecomgo,seed_0,73,-415.6133726735213,75,0.10759900030521445,2.421392113032688,nan
fecomgo,seed_0,74,-410.78190049629586,75,0.17201862933488732,1.1272183868567147,nan
fecomgo,seed_0,75,-413.412496442955,75,0.1369440167127656,2.627028660630696,nan
fecomgo,seed_0,76,-415.68982642510696,75,0.10657961695073936,2.3471371624415713,nan
fecomgo,seed_0,77,-414.63384467299255,75,0.1206593736455981,2.265105480708481,nan
fecomgo,seed_0,78,-413.34802337773664,75,0.1378036575823436,2.842525723765993,nan
fecomgo,seed_0,79,-414.80759476251535,75,0.11834270578529413,2.4702264308748454,nan
fecomgo,seed_0,80,-413.8153027689606,75,0.13157326569935776,2.7518172134124868,nan
fecomgo,seed_0,81,-414.26423280859433,75,0.1255875318375744,2.4665747382548524,nan
fecomgo,seed_0,82,-413.2235864324689,75,0.13946281685258025,2.277888394328885,nan
fecomgo,seed_0,83,-416.76850494103576,75,0.09219723673835536,2.631120437424121,nan
fecomgo,seed_0,84,-413.596845182308,75,0.13448603352139193,2.3253806213993933,nan
fecomgo,seed_0,85,-413.9848100809501,75,0.1293131682061638,3.187446405309508,nan
fecomgo,seed_0,86,-415.29582735857605,75,0.11183293783781816,3.0706363323154093,nan
fecomgo,seed_0,87,-414.18905831277846,75,0.12658985844845272,2.367883579564447,nan
fecomgo,seed_0,88,-418.7054842057498,75,0.06637084654216778,2.5479845976192426,nan
fecomgo,seed_0,89,-409.104342041651,75,0.1943860753968185,4.176703575424705,nan
fecomgo,seed_0,90,-416.4847376016943,75,0.09598080126290824,3.0356556580478227,nan
fecomgo,seed_0,91,-417.0623749729074,75,0.08827896964673376,2.667997217748873,nan
fecomgo,seed_0,92,-417.648733692375,75,0.08046085338716542,2.510320367306127,nan
fecomgo,seed_0,93,-418.2817848253814,75,0.0720201716137467,2.682548825615921,nan
fecomgo,seed_0,94,-416.10077061625356,75,0.10110036106878473,2.432609596085438,nan
fecomgo,seed_0,95,-416.20518376954186,75,0.09970818569160732,2.809067063278219,nan
fecomgo,seed_0,96,-418.51898706526424,75,0.06885747508197558,2.6154783734356464,nan
fecomgo,seed_0,97,-418.5359577949278,75,0.06863119868646132,3.031322958717398,nan
fecomgo,seed_0,98,-417.93317892453234,75,0.07666825029173424,2.519771267113061,nan
fecomgo,seed_0,99,-419.1948098621856,75,0.05984650445635756,2.618573637412526,nan
fecomgo,seed_0,100,-419.3198381647068,75,0.05817946042274116,2.614063016133297,nan
fecomgo,seed_1,10,-402.43582426524745,75,0.2832996457488662,0.13194848674483772,nan
fecomgo,seed_1,11,-402.08364660236936,75,0.2879953479205741,0.37336902097984037,nan
fecomgo,seed_1,12,-394.43584509238565,75,0.38996603472035685,1.2655968065274,nan
fecomgo,seed_1,13,-403.6557061855481,75,0.26703455347819044,0.4312130467820481,nan
fecomgo,seed_1,14,-394.9469980841594,75,0.38315066149670657,0.5543723716068971,nan
fecomgo,seed_1,15,-400.27002863972785,75,0.31217692075579406,0.6469411352359735,nan
fecomgo,seed_1,16,-400.89722483311726,75,0.3038143048439353,0.6591785991096941,nan
fecomgo,seed_1,17,-405.50258447989853,75,0.2424095095535184,0.6994138914812495,nan
fecomgo,seed_1,18,-398.4170427232282,75,0.33688339964245645,1.8171061276876053,nan
fecomgo,seed_1,19,-406.5034683108582,75,0.22906439180738972,0.14727740819701296,nan
fecomgo,seed_1,20,-400.87831652342794,75,0.3040664156397929,2.3938327173860365,nan
fecomgo,seed_1,21,-406.43327994622416,75,0.23000023666917666,0.11933991109539122,nan
fecomgo,seed_1,22,-404.89848202582164,75,0.2504642089412103,0.4145387326332379,nan
fecomgo,seed_1,23,-406.0545118302015,75,0.23505047821614578,0.08394615236364089,nan
fecomgo,seed_1,24,-406.677130718799,75,0.22674889303484558,0.2168472060244664,nan
fecomgo,seed_1,25,-403.4436714303241,75,0.2698616835478439,1.6560274981283758,nan
fecomgo,seed_1,26,-403.1143530990464,75,0.27425259463154666,2.139030402472157,nan
fecomgo,seed_1,27,-403.3042390767725,75,0.2717207815951989,0.3035407432710908,nan
fecomgo,seed_1,28,-403.6061345233952,75,0.26769550897356265,1.789333798597399,nan
fecomgo,seed_1,29,-407.4393106628901,75,0.21658649378029773,0.6610267461125723,nan
fecomgo,seed_1,30,-406.9973232078225,75,0.2224796598478656,1.5956476016947683,nan
fecomgo,seed_1,31,-408.0413331613732,75,0.20855952713385628,0.7455231936419455,nan
fecomgo,seed_1,32,-405.8459683070853,75,0.23783105852436165,0.6365761229459235,nan
fecomgo,seed_1,33,-405.1883036921677,75,0.24659992005659584,0.8588280046267034,nan
fecomgo,seed_1,34,-405.4826767727139,75,0.24267494564931363,1.3163061698678096,nan
fecomgo,seed_1,35,-406.98264350706165,75,0.22267538919134344,1.3268393408323718,nan
fecomgo,seed_1,36,-404.1170812840263,75,0.2608828854984813,1.1429813579483188,nan
fecomgo,seed_1,37,-402.31529642831254,75,0.284906683574665,2.1897387123549823,nan
fecomgo,seed_1,38,-407.6164300255873,75,0.21422490227766805,1.1420684458525407,nan
fecomgo,seed_1,39,-411.49700827869987,75,0.16248385890283393,1.9989263200809493,nan
fecomgo,seed_1,40,-406.565602105878,75,0.22823594120712565,2.6533349142374263,nan
fecomgo,seed_1,41,-410.00860401976195,75,0.18232924902200617,1.165002760475783,nan
fecomgo,seed_1,42,-412.80435627004897,75,0.14505255235151254,2.0255283941503848,nan
fecomgo,seed_1,43,-406.0228953028337,75,0.23547203191438257,2.0579591509986237,nan
fecomgo,seed_1,44,-413.2180243162257,75,0.13953697840248955,2.2000409873116453,nan
fecomgo,seed_1,45,-412.1741110126993,75,0.15345582244950795,2.264770475245024,nan
fecomgo,seed_1,46,-410.0894771956672,75,0.18125094000993613,3.2686684781515325,nan
fecomgo,seed_1,47,-418.2657941318832,75,0.07223338086038969,2.303078310835513,nan
fecomgo,seed_1,48,-409.4349671618885,75,0.18997774046031887,1.0856914621056966,nan
fecomgo,seed_1,49,-410.4815840315831,75,0.17602284886439065,2.371868345387284,nan
fecomgo,seed_1,50,-410.6364463848577,75,0.17395801748739587,2.6114630179435956,nan
fecomgo,seed_1,51,-418.65347123253747,75,0.06706435285166587,2.932169301976579,nan
fecomgo,seed_1,52,-417.0576993529504,75,0.08834131124616003,3.105977424104033,nan
fecomgo,seed_1,53,-415.71587822383333,75,0.10623225963438775,2.42196682682758,nan
fecomgo,seed_1,54,-416.9532263664701,75,0.08973428439923055,2.99822367372372,nan
fecomgo,seed_1,55,-418.3332054025501,75,0.07133456391816405,2.7917073069716434,nan
fecomgo,seed_1,56,-418.9001294444221,75,0.06377557669320444,2.3574569304307413,nan
fecomgo,seed_1,57,-416.11767063994006,75,0.10087502741963135,2.2668468109811215,nan
fecomgo,seed_1,58,-418.1149889115341,75,0.07424411713171063,2.483035328173907,nan
fecomgo,seed_1,59,-414.6705960707944,75,0.12016935500824047,3.470749332346413,nan
fecomgo,seed_1,60,-418.79069947275264,75,0.06523464298213033,2.778799686319596,nan
fecomgo,seed_1,61,-417.72493399025313,75,0.079444849415457,2.711028660294877,nan
fecomgo,seed_1,62,-418.3686645532042,75,0.07086177524277597,2.6071103925758443,nan
fecomgo,seed_1,63,-418.1030806479396,75,0.07440289397963776,2.7789667584452413,nan
fecomgo,seed_1,64,-417.62260354138243,75,0.08080925540039971,2.3286800841294006,nan
fecomgo,seed_1,65,-415.4431662388515,75,0.10986841943414523,2.9413970781813426,nan
fecomgo,seed_1,66,-418.16813745880347,75,0.07353546983478584,3.756555423138183,nan
fecomgo,seed_1,67,-419.1506595001809,75,0.060435175949753554,2.733357347582782,nan
fecomgo,seed_1,68,-415.80207510157237,75,0.10508296793120053,2.5162846665196046,nan
fecomgo,seed_1,69,-418.10643364247005,75,0.07435818738589811,2.614637434999123,nan
fecomgo,seed_1,70,-416.92417052081765,75,0.09012169567459674,2.7301437625016085,nan
fecomgo,seed_1,71,-419.234207935826,75,0.05932119680781853,2.19712825619394,nan
fecomgo,seed_1,72,-416.21968763078604,75,0.09951480087501825,3.0017952660315466,nan
fecomgo,seed_1,73,-419.1726111053397,75,0.06014248788096969,2.7733061656625484,nan
fecomgo,seed_1,74,-420.30224048867467,75,0.04508076276983653,2.1749213781259815,nan
fecomgo,seed_1,75,-419.84733849036314,75,0.051146122747323566,2.445985756745886,nan
fecomgo,seed_1,76,-419.9887605683657,75,0.04926049504062272,2.540199182264786,nan
fecomgo,seed_1,77,-419.86756347852685,75,0.05087645623847417,2.2192527395590265,nan
fecomgo,seed_1,78,-420.38194451959976,75,0.044018042357502056,2.257442706753359,nan
fecomgo,seed_1,79,-421.3271284165058,75,0.03141559039875498,2.509088218739352,nan
fecomgo,seed_1,80,-419.1557053804761,75,0.06036789754581757,2.2805718569277964,nan
fecomgo,seed_1,81,-421.54501906710783,75,0.028510381724061062,2.661274337368381,nan
fecomgo,seed_1,82,-421.0186273095831,75,0.03552893849105734,2.75435079781224,nan
fecomgo,seed_1,83,-417.57403296383563,75,0.08145686310102368,2.1815601505986404,nan
fecomgo,seed_1,84,-420.73603400698715,75,0.039296849192336746,1.7584118082209645,nan
fecomgo,seed_1,85,-421.5060977104033,75,0.029029333146788,2.39104615989012,nan
fecomgo,seed_1,86,-421.5299237639541,75,0.028711652432777252,2.224902483143559,nan
fecomgo,seed_1,87,-419.57275733392834,75,0.05480720483312098,2.785676653773102,nan
fecomgo,seed_1,88,-421.5836223696025,75,0.027995671024132206,2.5045632066140726,nan
fecomgo,seed_1,89,-422.0252351839051,75,0.02210750016676381,2.3125042602987573,nan
fecomgo,seed_1,90,-421.44004550141915,75,0.02991002926657681,2.7234118602566966,nan
fecomgo,seed_1,91,-420.6159075299157,75,0.04089853555328925,2.389029802688391,nan
fecomgo,seed_1,92,-421.12625871844233,75,0.03409385303960107,2.2456362594754253,nan
fecomgo,seed_1,93,-419.4372651522529,75,0.05661376725546006,2.538265125335279,nan
fecomgo,seed_1,94,-421.96382816238224,75,0.02292626045373557,2.293844687266514,nan
fecomgo,seed_1,95,-420.76446104596255,75,0.03891782200599816,2.4206482287048203,nan
fecomgo,seed_1,96,-422.05598679807855,75,0.02169747864445147,2.375632116020144,nan
fecomgo,seed_1,97,-421.60383295370985,75,0.027726196569367402,2.363772438736383,nan
fecomgo,seed_1,98,-422.3083069830545,75,0.018333209511439085,2.273439456492767,nan
fecomgo,seed_1,99,-421.90567082333695,75,0.023701691641006165,2.2908592071500404,nan
fecomgo,seed_1,100,-421.400921113484,75,0.03043168777237876,2.437777065018466,nan
fecomgo,seed_2,10,-401.96590023954366,75,0.2895652994249167,0.18433489880119858,nan
fecomgo,seed_2,11,-403.3688365550213,75,0.27085948188521497,0.25965205168234284,nan
fecomgo,seed_2,12,-395.416561179353,75,0.37688982022745904,1.8317652943541525,nan
fecomgo,seed_2,13,-402.2248785302102,75,0.28611225554936254,1.416329135785345,nan
fecomgo,seed_2,14,-404.75738523381807,75,0.25234549950125784,0.056106154510995765,nan
fecomgo,seed_2,15,-401.8252916560192,75,0.29144008053857606,0.5731188747817093,nan
fecomgo,seed_2,16,-405.4554135630056,75,0.2430384551120907,0.21540008803335198,nan
fecomgo,seed_2,17,-396.0648833798855,75,0.368245524220359,0.5457172312025431,nan
fecomgo,seed_2,18,-405.8117979581651,75,0.23828666317663116,0.08876031875046486,nan
fecomgo,seed_2,19,-405.849266036754,75,0.23778708879544563,0.18230829107530155,nan
fecomgo,seed_2,20,-402.1341121806286,75,0.2873224735437839,0.4451161955707086,nan
fecomgo,seed_2,21,-405.9848770762081,75,0.23597894160272442,0.03425488604963611,nan
fecomgo,seed_2,22,-405.1924472415176,75,0.246544672731931,0.09251018751922224,nan
fecomgo,seed_2,23,-406.8876860239733,75,0.22394148896585497,0.03570226451315328,nan
fecomgo,seed_2,24,-406.3649772123453,75,0.23091093978756136,0.040077152901352164,nan
fecomgo,seed_2,25,-402.19964571694976,75,0.286448693059502,2.5482143998169526,nan
fecomgo,seed_2,26,-404.87647755198543,75,0.2507576019256931,2.190035829655457,nan
fecomgo,seed_2,27,-399.38566574005745,75,0.3239684260847328,1.815873448772571,nan
fecomgo,seed_2,28,-403.48373429974623,75,0.26932751195554905,1.543466714647888,nan
fecomgo,seed_2,29,-400.31549112756966,75,0.3115707542512367,2.144545489902006,nan
fecomgo,seed_2,30,-395.33175743988454,75,0.3780205367537049,1.3835856526185424,nan
fecomgo,seed_2,31,-407.9490973035383,75,0.20978933857165505,0.5108105302063439,nan
fecomgo,seed_2,32,-407.67771841357967,75,0.2134077237711032,0.5617919473605273,nan
fecomgo,seed_2,33,-402.47523532705793,75,0.2827741649247264,3.3923356501193087,nan
fecomgo,seed_2,34,-406.97344160746337,75,0.22279808118598718,0.6609011688806845,nan
fecomgo,seed_2,35,-405.4931982262641,75,0.24253465960197748,0.6687725345893458,nan
fecomgo,seed_2,36,-395.99077707282095,75,0.3692336083145528,1.639188210919725,nan
fecomgo,seed_2,37,-404.99868854071985,75,0.24912812207590074,3.1682475337758635,nan
fecomgo,seed_2,38,-409.11295845522943,75,0.19427118988243972,1.1977177599397137,nan
fecomgo,seed_2,39,-406.4753657153591,75,0.22943909308071095,1.1287320352354993,nan
fecomgo,seed_2,40,-407.7295045049739,75,0.2127172425525138,1.9675415059572678,nan
fecomgo,seed_2,41,-405.00004329063376,75,0.2491100587437154,1.2270320260741574,nan
fecomgo,seed_2,42,-409.1258576908023,75,0.1940992000748012,0.952967468782294,nan
fecomgo,seed_2,43,-410.39231942484184,75,0.17721304362094087,1.0413582551456777,nan
fecomgo,seed_2,44,-407.38780369876986,75,0.2172732533019007,0.9821947327632046,nan
fecomgo,seed_2,45,-404.90667474463044,75,0.25035497269042634,1.1308361201738784,nan
fecomgo,seed_2,46,-407.9115006408156,75,0.2102906274079578,0.9566963058391327,nan
fecomgo,seed_2,47,-407.80835399645423,75,0.2116659159994424,1.0547006991874621,nan
fecomgo,seed_2,48,-410.34955268064874,75,0.1777832668768489,1.774925450849194,nan
fecomgo,seed_2,49,-409.5260233554092,75,0.1887636578800425,2.3459421620616485,nan
fecomgo,seed_2,50,-410.96504764785095,75,0.16957666731415277,1.0543475157197317,nan
fecomgo,seed_2,51,-407.96066735111225,75,0.2096350712706688,2.308045572320342,nan
fecomgo,seed_2,52,-407.9054591428234,75,0.2103711807145199,1.7109130541133997,nan
fecomgo,seed_2,53,-409.2274379627736,75,0.19274479644851758,2.0292289756570856,nan
fecomgo,seed_2,54,-411.37417015764294,75,0.16412170051692632,1.212962564066446,nan
fecomgo,seed_2,55,-409.34391161918893,75,0.19119181436297975,1.3218245641314859,nan
fecomgo,seed_2,56,-410.7016746131701,75,0.17308830777656414,2.0469010793322813,nan
fecomgo,seed_2,57,-410.3818886638591,75,0.17735212043404394,2.304398259190222,nan
fecomgo,seed_2,58,-408.74554693212093,75,0.19917001019055305,2.217688186243752,nan
fecomgo,seed_2,59,-410.9717951618525,75,0.16948670046079845,1.7277001312427203,nan
fecomgo,seed_2,60,-405.70154497790924,75,0.23975670291337564,0.13777907110066145,nan
fecomgo,seed_2,61,-412.34921520104837,75,0.15112109993818726,2.088245000596398,nan
fecomgo,seed_2,62,-409.2002140057594,75,0.19310778254204025,2.2953036760361094,nan
fecomgo,seed_2,63,-413.55159154649436,75,0.13508941533224061,2.523152188668897,nan
fecomgo,seed_2,64,-415.23277041333114,75,0.11267369710775028,2.703178375067644,nan
fecomgo,seed_2,65,-412.81161874356707,75,0.14495571937127125,2.9709221615119272,nan
fecomgo,seed_2,66,-415.9055084930043,75,0.10370385604544177,2.7496133056789525,nan
fecomgo,seed_2,67,-412.50323153762116,75,0.1490675487838833,1.653076713219125,nan
fecomgo,seed_2,68,-413.39654553732277,75,0.1371566954545286,3.2561707124612855,nan
fecomgo,seed_2,69,-414.6663486387532,75,0.12022598743545586,2.650482368749964,nan
fecomgo,seed_2,70,-415.1870127526962,75,0.1132837992495494,2.7656040112565403,nan
fecomgo,seed_2,71,-413.6619198667002,75,0.13361837106282942,2.749060478531092,nan
fecomgo,seed_2,72,-412.53627821212035,75,0.14862692645722744,2.7547925444398604,nan
fecomgo,seed_2,73,-416.9812549845388,75,0.08936056949164822,2.7129421703451726,nan
fecomgo,seed_2,74,-414.71489391456487,75,0.11957871709130055,2.360135884195195,nan
fecomgo,seed_2,75,-415.5730161139139,75,0.1081370877666465,3.4015562512393647,nan
fecomgo,seed_2,76,-414.46264180522394,75,0.12294207854917961,2.7538387710716954,nan
fecomgo,seed_2,77,-414.5114379171518,75,0.12229146372347487,3.5053032853050556,nan
fecomgo,seed_2,78,-413.28093043085283,75,0.13869823020746103,2.6524585664644995,nan
fecomgo,seed_2,79,-416.8438227314608,75,0.09119299953268789,2.6217497430791212,nan
fecomgo,seed_2,80,-415.72780167860014,75,0.10607328023749688,3.5630936337851953,nan
fecomgo,seed_2,81,-415.14347364366586,75,0.11386432070328738,4.274154098896259,nan
fecomgo,seed_2,82,-418.4487973529804,75,0.06979333791242652,2.700191119265707,nan
fecomgo,seed_2,83,-415.44624087166636,75,0.10982742432994731,2.7056673071915167,nan
fecomgo,seed_2,84,-416.0384077733914,75,0.10193186564028034,4.299075303971859,nan
fecomgo,seed_2,85,-417.997940497504,75,0.07580476265211246,2.7386503737976575,nan
fecomgo,seed_2,86,-416.45442145271426,75,0.09638501658264204,2.736113860801014,nan
fecomgo,seed_2,87,-421.0856866278939,75,0.034634814246913566,3.9722517202455716,nan
fecomgo,seed_2,88,-415.5593827258267,75,0.10831886627447603,6.101300716440047,nan
fecomgo,seed_2,89,-420.5758734883445,75,0.04143232277423901,3.645560059788094,nan
fecomgo,seed_2,90,-416.041750223402,75,0.10188729964013873,3.3209781468752624,nan
fecomgo,seed_2,91,-421.77614819985627,75,0.025428659954081924,3.317093761889005,nan
fecomgo,seed_2,92,-419.90800543556907,75,0.050337230144577916,4.5744746181843805,nan
fecomgo,seed_2,93,-421.344341082519,75,0.031186088185245354,3.493560796233975,nan
fecomgo,seed_2,94,-421.1683765095428,75,0.033532282491595046,3.789284380655051,nan
fecomgo,seed_2,95,-421.4377680488589,75,0.029940395300713286,3.786414666814599,nan
fecomgo,seed_2,96,-415.76637269126473,75,0.10555900006863567,3.3640631092331272,nan
fecomgo,seed_2,97,-417.2371284464515,75,0.08594892333281223,2.7931034827904533,nan
fecomgo,seed_2,98,-418.317228483265,75,0.07154758950863198,3.2641390121546774,nan
fecomgo,seed_2,99,-417.8979917293978,75,0.0771374128935281,2.698632472591413,nan
fecomgo,seed_2,100,-422.78879760773987,75,0.01192666784896725,2.9357305139931213,nan
fecomgo,seed_3,10,-401.10661137374035,75,0.3010224843022941,0.14572422200333968,nan
fecomgo,seed_3,11,-404.27064832165735,75,0.2588353249967342,0.9705460105073165,nan
fecomgo,seed_3,12,-394.62899790730563,75,0.38739066385475707,2.771050899294309,nan
fecomgo,seed_3,13,-403.78947425081327,75,0.2652509792746552,0.1461118038749003,nan
fecomgo,seed_3,14,-404.59559774043424,75,0.2545026660797089,0.13583060163822758,nan
fecomgo,seed_3,15,-406.2491147813959,75,0.2324557722002199,0.042210146896101364,nan
fecomgo,seed_3,16,-404.67524793803534,75,0.2534406634450276,0.2001124663509355,nan
fecomgo,seed_3,17,-401.3956214248201,75,0.2971690169545642,0.521831365315041,nan
fecomgo,seed_3,18,-404.45833503665284,75,0.2563328354634609,0.3017947247079231,nan
fecomgo,seed_3,19,-399.0677400742377,75,0.32820743496232957,0.5816515605569528,nan
fecomgo,seed_3,20,-404.75146586272956,75,0.2524244244491047,0.30735472555520715,nan
fecomgo,seed_3,21,-405.1489364001098,75,0.24712481728403493,0.827633945618107,nan
fecomgo,seed_3,22,-399.6352818021902,75,0.3206402119229627,0.38232757392152905,nan
fecomgo,seed_3,23,-406.551727241862,75,0.22842093939400532,0.10094187640217811,nan
fecomgo,seed_3,24,-403.5184456722281,75,0.26886469365579085,0.077212420413181,nan
fecomgo,seed_3,25,-395.5771048790329,75,0.3747492375650601,2.897861312156879,nan
fecomgo,seed_3,26,-406.44585543344965,75,0.22983256350617012,0.19958369321380154,nan
fecomgo,seed_3,27,-405.4916532811244,75,0.2425552588705068,2.2076917849109865,nan
fecomgo,seed_3,28,-408.14085492422265,75,0.20723257029586345,0.617287317369156,nan
fecomgo,seed_3,29,-408.05452808380886,75,0.20838359483471397,1.2128980633549666,nan
fecomgo,seed_3,30,-407.63716419859134,75,0.21394844663761434,0.6595173373361121,nan
fecomgo,seed_3,31,-408.22879803720735,75,0.2060599954560674,0.6676732611808092,nan
fecomgo,seed_3,32,-406.4766019628008,75,0.22942260978148776,0.790867288189979,nan
fecomgo,seed_3,33,-408.5143636864731,75,0.2022524534658578,1.0714657075657783,nan
fecomgo,seed_3,34,-406.0504282536202,75,0.23510492590389578,0.21631428561719446,nan
fecomgo,seed_3,35,-408.27304655986484,75,0.20547001515396762,1.0089444487148942,nan
fecomgo,seed_3,36,-409.0452555846281,75,0.19517389482379108,0.778796684864643,nan
fecomgo,seed_3,37,-408.2881252289331,75,0.20526896623305751,1.2475593666493463,nan
fecomgo,seed_3,38,-405.17788792515336,75,0.24673879695012071,1.2103603489122978,nan
fecomgo,seed_3,39,-411.73668279983383,75,0.15928819862104773,1.2160514238054247,nan
fecomgo,seed_3,40,-410.39707786058364,75,0.17714959781105033,1.187268260619346,nan
fecomgo,seed_3,41,-412.1656874923087,75,0.15356813605471642,2.2237847917295426,nan
fecomgo,seed_3,42,-405.9187526664822,75,0.2368606003990696,0.7164660082359084,nan
fecomgo,seed_3,43,-412.0304759987164,75,0.15537095596928036,2.5563512541101154,nan
fecomgo,seed_3,44,-412.02480388470883,75,0.15544658415604773,2.1916069559121247,nan
fecomgo,seed_3,45,-414.19494942208615,75,0.1265113103243501,2.3531978786549015,nan
fecomgo,seed_3,46,-405.9358865412412,75,0.23663214873561628,2.425580736313508,nan
fecomgo,seed_3,47,-408.04363864403103,75,0.208528787365085,0.27508658344787484,nan
fecomgo,seed_3,48,-413.20965582417364,75,0.13964855829651696,2.2519414135064597,nan
fecomgo,seed_3,49,-409.92411764449855,75,0.18345573402551812,1.3107898501189386,nan
fecomgo,seed_3,50,-412.13677110242344,75,0.15395368791985295,2.2904880866983035,nan
fecomgo,seed_3,51,-406.9484357032042,75,0.22313149324277598,2.553321672561081,nan
fecomgo,seed_3,52,-416.5892353405276,75,0.09458749807846441,2.19856655171219,nan
fecomgo,seed_3,53,-413.274383369153,75,0.13878552436345898,3.048834092704359,nan
fecomgo,seed_3,54,-418.18227754537503,75,0.07334693534716508,2.1271923085321554,nan
fecomgo,seed_3,55,-417.3742004155802,75,0.08412129707776254,2.28149812411886,nan
fecomgo,seed_3,56,-413.2478673999404,75,0.13913907061962694,3.595728879197166,nan
fecomgo,seed_3,57,-417.71690150042247,75,0.07955194927986592,2.2490327940869346,nan
fecomgo,seed_3,58,-416.87268652524403,75,0.09080814894891166,2.608268752006966,nan
fecomgo,seed_3,59,-415.4163571809833,75,0.11022587353905465,2.3298797212031968,nan
fecomgo,seed_3,60,-414.7672082796627,75,0.11888119222332913,2.002371016181959,nan
fecomgo,seed_3,61,-417.24727815452144,75,0.08581359389187962,2.204817724106926,nan
fecomgo,seed_3,62,-417.4720783971714,75,0.08281625732321345,2.4483568896709844,nan
fecomgo,seed_3,63,-414.91769788459203,75,0.11687466415760506,3.402586003712493,nan
fecomgo,seed_3,64,-414.7004104999036,75,0.11977182928678379,1.4758096129859233,nan
fecomgo,seed_3,65,-419.52314047066767,75,0.05546876300992987,2.1686978492628324,nan
fecomgo,seed_3,66,-418.37899480152095,75,0.07072403859855285,2.4665406711633793,nan
fecomgo,seed_3,67,-417.71931584773114,75,0.07951975798241695,2.4209721013762877,nan
fecomgo,seed_3,68,-415.45308409583964,75,0.10973618134097024,2.4746396497592364,nan
fecomgo,seed_3,69,-419.3025407921947,75,0.058410092056236255,2.2499306707126543,nan
fecomgo,seed_3,70,-418.40636719648796,75,0.07035907333232595,3.4081130133516204,nan
fecomgo,seed_3,71,-417.2816242872817,75,0.08535564545507593,2.454204667881802,nan
fecomgo,seed_3,72,-416.6997252208452,75,0.09311429967422934,2.6615065821766635,nan
fecomgo,seed_3,73,-416.27540973520985,75,0.09877183948270082,2.7492989684587688,nan
fecomgo,seed_3,74,-418.4421669986445,75,0.06988174263690553,2.189341065187131,nan
fecomgo,seed_3,75,-419.67831368243185,75,0.053399786853074144,2.215787450689241,nan
fecomgo,seed_3,76,-418.2112834364383,75,0.07296019013298823,2.291280391877125,nan
fecomgo,seed_3,77,-419.4868107963302,75,0.05595315866776294,2.9499598883429385,nan
fecomgo,seed_3,78,-418.2473575627484,75,0.07247920178218692,2.2694461755702307,nan
fecomgo,seed_3,79,-418.7953004706789,75,0.06517329634311333,1.9158876601679413,nan
fecomgo,seed_3,80,-418.5377980886371,75,0.06860666143700428,1.985517478170845,nan
fecomgo,seed_3,81,-419.50148031958673,75,0.05575756502434236,2.417947824015368,nan
fecomgo,seed_3,82,-416.96183857382715,75,0.08961945496780345,2.5620441519420183,nan
fecomgo,seed_3,83,-420.55871775750313,75,0.04166106585212371,2.7755122976481825,nan
fecomgo,seed_3,84,-417.4204455279268,75,0.08350469557980811,2.4418249288884635,nan
fecomgo,seed_3,85,-419.3475099957097,75,0.057810502676036324,2.931388237394568,nan
fecomgo,seed_3,86,-419.43452731037206,75,0.05665027181387131,2.8677675944675602,nan
fecomgo,seed_3,87,-418.3598441021791,75,0.0709793812564438,2.612397876456969,nan
fecomgo,seed_3,88,-418.6159973271924,75,0.06756400492293324,3.7208578436797204,nan
fecomgo,seed_3,89,-420.7253426751077,75,0.039439400284062835,2.6061542228532986,nan
fecomgo,seed_3,90,-417.0763103281371,75,0.0880931649103377,3.7257148032073104,nan
fecomgo,seed_3,91,-421.9186042995067,75,0.023529245292076364,3.266415288117477,nan
fecomgo,seed_3,92,-422.8973645129785,75,0.010479109112451776,2.9021724778317335,nan
fecomgo,seed_3,93,-422.63733881812215,75,0.013946118377203524,2.8111072275050084,nan
fecomgo,seed_3,94,-421.34145018940626,75,0.031224633426748673,2.969722469188884,nan
fecomgo,seed_3,95,-420.78334502127876,75,0.03866603566844863,2.7181367844752096,nan
fecomgo,seed_3,96,-422.6141208024292,75,0.014255691919775776,3.4008014833770925,nan
fecomgo,seed_3,97,-422.1981061716849,75,0.0198025536630333,3.0530113668936654,nan
fecomgo,seed_3,98,-421.86538229398417,75,0.024238872032376547,3.424966195229869,nan
fecomgo,seed_3,99,-423.6832976964124,75,0.0,2.7515472833740553,nan
fecomgo,seed_3,100,-422.3100185170301,75,0.018310389058431156,3.4000978365915415,nan
fecobmgo,seed_0,10,-412.94144228909244,77,0.34592720739156124,0.14423760968593946,0.0
fecobmgo,seed_0,11,-420.2778859711829,77,0.2506487180137629,0.08578325959448918,0.0
fecobmgo,seed_0,12,-414.490664558788,77,0.32580743765525505,0.49551458023740835,0.0
fecobmgo,seed_0,13,-402.7865078799718,77,0.4778094724450761,2.31510483305137,0.0
fecobmgo,seed_0,14,-415.2900436728376,77,0.31542589071954596,0.5038975154643008,0.0
fecobmgo,seed_0,15,-417.43330770122964,77,0.287591292948221,0.2541112126567171,0.0
fecobmgo,seed_0,16,-417.78534831090485,77,0.283019336978413,0.09155022176889105,0.0
fecobmgo,seed_0,17,-419.1574541169271,77,0.26519978105604597,0.08316194767706087,0.0
fecobmgo,seed_0,18,-415.5694579331607,77,0.3117971340919731,0.204118628280348,0.0
fecobmgo,seed_0,19,-418.06171872770204,77,0.2794301107862417,0.1403016591849653,0.0
fecobmgo,seed_0,20,-413.94691936453717,77,0.3328690635546167,0.874214556626864,0.0
fecobmgo,seed_0,21,-420.2755455674546,77,0.25067911286737693,0.09025381470307892,0.0
fecobmgo,seed_0,22,-421.57043904987836,77,0.23386231439434146,0.10877790212604488,0.0
fecobmgo,seed_0,23,-419.92210316942345,77,0.25526927388076887,0.1320841356488014,0.0
fecobmgo,seed_0,24,-420.29256690306136,77,0.25045805656079606,0.1460253309736963,0.0
fecobmgo,seed_0,25,-415.15740613598086,77,0.31714845613327,2.6299853775235142,0.0
fecobmgo,seed_0,26,-420.25327144633826,77,0.2509683871675895,1.0179723623258834,0.0
fecobmgo,seed_0,27,-417.70493096904727,77,0.2840637180414985,2.063163946313253,0.0
fecobmgo,seed_0,28,-411.45819176324625,77,0.36519020123371954,1.6280943969012878,0.0
fecobmgo,seed_0,29,-421.48415255977113,77,0.23498291816196779,1.2850855768894256,0.0
fecobmgo,seed_0,30,-422.5084631392429,77,0.22168018336363307,0.7824500720938907,0.0
fecobmgo,seed_0,31,-420.2254464352156,77,0.25132975094840343,0.6247142844253446,0.0
fecobmgo,seed_0,32,-421.7761089888136,77,0.23119127622635166,2.239625111502768,0.0
fecobmgo,seed_0,33,-420.6478704587338,77,0.24584372466894625,2.024026728758976,0.0
fecobmgo,seed_0,34,-422.22525829745746,77,0.22535816832188565,0.7793571737889557,0.0
fecobmgo,seed_0,35,-419.5657928977205,77,0.2598966800067814,0.6719183900174048,0.0
fecobmgo,seed_0,36,-421.9233975838672,77,0.22927843732955133,0.6905562284313156,0.0
fecobmgo,seed_0,37,-422.8337464362604,77,0.2174557249608083,0.7975654568312773,0.0
fecobmgo,seed_0,38,-419.6409638394895,77,0.25892043400978154,0.7219464352796425,0.0
fecobmgo,seed_0,39,-405.2187573930938,77,0.4462218164305043,0.8853381781314589,0.0
fecobmgo,seed_0,40,-419.2803669229448,77,0.26360351084802436,2.2300284947823688,0.0
fecobmgo,seed_0,41,-424.06711690518955,77,0.20143792666302732,0.7721058297908279,0.5
fecobmgo,seed_0,42,-420.1089539279583,77,0.2528426406530438,0.7876242764846904,0.0
fecobmgo,seed_0,43,-422.2660369450911,77,0.2248285754954745,1.9809617600252007,0.5
fecobmgo,seed_0,44,-422.2734734663027,77,0.2247319972979218,1.7826531584198673,0.0
fecobmgo,seed_0,45,-421.9518520785716,77,0.22890889843728615,1.9767512234315063,0.0
fecobmgo,seed_0,46,-422.2132074252152,77,0.22551467315620047,0.7584531792907541,0.0
fecobmgo,seed_0,47,-422.08224695905295,77,0.22721545843103508,1.8189622146883035,0.5
fecobmgo,seed_0,48,-425.14875368324516,77,0.1873906957791882,1.0264952176626032,0.0
fecobmgo,seed_0,49,-421.78695959467626,77,0.231050359267096,1.9778267627815698,0.0
fecobmgo,seed_0,50,-423.1919144473881,77,0.21280419234876025,1.784578397422388,0.5
fecobmgo,seed_0,51,-423.1525656227227,77,0.2133152160457136,2.464173067383575,0.0
fecobmgo,seed_0,52,-422.49879953877434,77,0.2218056846684197,1.8142238944025184,0.0
fecobmgo,seed_0,53,-423.1394905538167,77,0.213485022135402,1.1219677286454512,0.0
fecobmgo,seed_0,54,-423.7170271093882,77,0.20598454738772018,0.7730891181966246,0.0
fecobmgo,seed_0,55,-424.4904678937429,77,0.19593986187662013,1.1168600150103831,0.0
fecobmgo,seed_0,56,-423.8970387050776,77,0.2036467344566891,2.233447509993999,0.0
fecobmgo,seed_0,57,-421.86936729256877,77,0.22998012942433615,2.094921357022443,0.0
fecobmgo,seed_0,58,-425.5161534555228,77,0.1826192701651931,1.042527504950085,0.0
fecobmgo,seed_0,59,-424.2113659271731,77,0.19956456274116277,0.874158022302165,0.0
fecobmgo,seed_0,60,-423.8808675928756,77,0.20385674890087113,0.9604138705953016,0.0
fecobmgo,seed_0,61,-420.0449313155471,77,0.25367410315189026,1.5793709404198548,0.5
fecobmgo,seed_0,62,-423.78963303132656,77,0.20504161333657264,1.1289963392318079,0.0
fecobmgo,seed_0,63,-424.7327142143587,77,0.19279380576472693,1.5779187401782835,0.0
fecobmgo,seed_0,64,-425.5911939577562,77,0.18164471818813552,1.5373056250076296,0.0
fecobmgo,seed_0,65,-423.03469955300415,77,0.2148459442238767,2.1125096709361504,0.5
fecobmgo,seed_0,66,-419.84499723120007,77,0.25627064970185176,3.1526263760332505,0.0
fecobmgo,seed_0,67,-423.53620843102146,77,0.2083328419119635,1.5530466940756522,0.0
fecobmgo,seed_0,68,-423.5185016995408,77,0.20856279946366016,2.1315088208222654,0.0
fecobmgo,seed_0,69,-423.34690382879836,77,0.21079134323953627,2.113946220483042,0.0
fecobmgo,seed_0,70,-425.99744061178814,77,0.17636878761629243,2.1600315998892405,0.0
fecobmgo,seed_0,71,-429.4753133726208,77,0.13120160890417987,3.0750255843509375,0.5
fecobmgo,seed_0,72,-428.90010563058195,77,0.13867183932026889,3.80059459744823,0.0
fecobmgo,seed_0,73,-430.33335581355027,77,0.12005820058042056,3.9520477782986525,0.0
fecobmgo,seed_0,74,-431.33160690022805,77,0.10709390075343636,3.73450633350798,0.0
fecobmgo,seed_0,75,-427.05024951410746,77,0.16269594472902843,1.3175073721508852,0.0
fecobmgo,seed_0,76,-424.78294344215544,77,0.19214147813100274,2.018930916525461,0.0
fecobmgo,seed_0,77,-429.90244652585045,77,0.12565442509600264,3.915445815898936,0.0
fecobmgo,seed_0,78,-433.97589721888266,77,0.0727524680436362,3.892334599627093,0.0
fecobmgo,seed_0,79,-431.36235894010946,77,0.1066945236121194,3.399892434648942,0.0
fecobmgo,seed_0,80,-429.71947782132463,77,0.12803064203789638,3.3369815575613604,0.0
fecobmgo,seed_0,81,-434.0569290444966,77,0.07170010667202667,3.332928052302602,0.0
fecobmgo,seed_0,82,-427.436025733065,77,0.15768586396334638,3.156369114318357,1.0
fecobmgo,seed_0,83,-432.6651581637289,77,0.08977505317550323,3.059303803691252,0.0
fecobmgo,seed_0,84,-429.51269034038944,77,0.13071619373835341,3.7642754093791524,0.0
fecobmgo,seed_0,85,-427.7359124869835,77,0.1537912307955731,3.5422792208220955,0.5
fecobmgo,seed_0,86,-426.706978365999,77,0.16715401158757964,5.855559074413669,0.0
fecobmgo,seed_0,87,-432.6323963112195,77,0.09020053177952135,3.7572724617759707,0.0
fecobmgo,seed_0,88,-433.2756643144219,77,0.08184640186780232,3.284209654870237,0.0
fecobmgo,seed_0,89,-433.37394037585415,77,0.0805700893816689,3.4910917313020686,0.0
fecobmgo,seed_0,90,-432.16900659820504,77,0.09621858000048843,4.3043131982696945,0.0
fecobmgo,seed_0,91,-429.669993862157,77,0.12867329085825505,3.9942823660618476,0.5
fecobmgo,seed_0,92,-432.2703778027213,77,0.0949020708509263,3.4011645236879104,0.0
fecobmgo,seed_0,93,-432.33946847006365,77,0.09400478945687016,3.928765391651387,0.0
fecobmgo,seed_0,94,-427.9829826172476,77,0.15058252780513037,3.48376386965378,0.0
fecobmgo,seed_0,95,-433.2420352075005,77,0.08228314351613158,2.9294584356529096,0.0
fecobmgo,seed_0,96,-424.47252498385416,77,0.19617288668037008,2.9239365014729817,0.0
fecobmgo,seed_0,97,-433.38943107430094,77,0.08036891147976245,3.985610085705293,0.0
fecobmgo,seed_0,98,-433.6647115873885,77,0.07679383988122244,3.2586324535998497,0.0
fecobmgo,seed_0,99,-433.8992547467514,77,0.07374782482456159,3.7723492618681274,0.0
fecobmgo,seed_0,100,-433.5027957100727,77,0.07889664348272679,3.6482267305743488,0.0
fecobmgo,seed_1,10,-415.20982167438297,77,0.3164677348553206,0.09745898805081765,0.0
fecobmgo,seed_1,11,-416.37510403710746,77,0.3013341976770804,0.22044058691040647,0.0
fecobmgo,seed_1,12,-416.3867223280087,77,0.3011833107822589,0.5836262915966905,0.0
fecobmgo,seed_1,13,-416.7939975373167,77,0.29589402234968737,0.40823148057290304,0.0
fecobmgo,seed_1,14,-410.2907135627052,77,0.3803522557862006,0.522681094921726,0.5
fecobmgo,seed_1,15,-409.65540582257466,77,0.3886030056580258,0.5429357043732672,0.0
fecobmgo,seed_1,16,-411.5359964469084,77,0.3641797507965484,0.7288643088055853,0.0
fecobmgo,seed_1,17,-416.2223227633433,77,0.30331837006362794,0.2732741566201451,0.0
fecobmgo,seed_1,18,-411.1964082574737,77,0.36858998702297335,1.6309363938585317,0.0
fecobmgo,seed_1,19,-418.8803138317073,77,0.2687990055394198,0.1514712165439267,0.0
fecobmgo,seed_1,20,-415.1225764944838,77,0.3176007891397256,1.695981413422384,0.0
fecobmgo,seed_1,21,-408.40693626153273,77,0.4048168960611678,0.14011309065936217,1.0
fecobmgo,seed_1,22,-417.1291746993865,77,0.2915410721929369,0.6442639677061912,0.0
fecobmgo,seed_1,23,-388.797299886735,77,0.6594874983312682,2.1925236483113437,0.5
fecobmgo,seed_1,24,-416.5398716144609,77,0.2991943590101529,0.07107115468250313,0.0
fecobmgo,seed_1,25,-421.21471793970034,77,0.23848206907197814,0.2998299613429829,0.0
fecobmgo,seed_1,26,-420.76605935204685,77,0.24430880397656884,1.3729833987395743,0.0
fecobmgo,seed_1,27,-420.09835091469193,77,0.2529803421240353,0.7383179371835134,0.0
fecobmgo,seed_1,28,-418.61182473072705,77,0.2722858769807221,1.5693198275593438,0.0
fecobmgo,seed_1,29,-418.6753696752024,77,0.27146061796156207,0.6497638897581535,0.0
fecobmgo,seed_1,30,-422.43102587899637,77,0.2226858620681336,0.3926465785977502,0.0
fecobmgo,seed_1,31,-421.0696562130424,77,0.24036598760000355,0.6715191233371947,0.0
fecobmgo,seed_1,32,-421.7501095304164,77,0.23152893153021095,0.21222215211518325,0.0
fecobmgo,seed_1,33,-419.8278755584814,77,0.2564930090878082,1.6318236993668727,0.0
fecobmgo,seed_1,34,-421.48030853442094,77,0.23503284056911314,1.114562145489689,0.0
fecobmgo,seed_1,35,-421.43756963614084,77,0.2355878911961275,0.6556188980103812,0.0
fecobmgo,seed_1,36,-421.3604961687146,77,0.23658884531854646,1.3633497235044238,0.0
fecobmgo,seed_1,37,-419.39561886122624,77,0.2621067324287846,0.22678355110366866,0.0
fecobmgo,seed_1,38,-422.3558644988137,77,0.22366198388868805,0.8659823533610744,0.0
fecobmgo,seed_1,39,-421.30363622758557,77,0.23732728611242965,0.23292168352540266,0.0
fecobmgo,seed_1,40,-421.70549745129546,77,0.2321083091811324,0.3168635092974501,0.0
fecobmgo,seed_1,41,-422.82677855479164,77,0.21754621692793516,0.8474739238242073,0.0
fecobmgo,seed_1,42,-423.40940359548495,77,0.2099796579578923,2.1136589437231095,0.0
fecobmgo,seed_1,43,-423.16420789940616,77,0.21316401764722712,0.6651942761973775,0.0
fecobmgo,seed_1,44,-425.05097560923764,77,0.18866054089616902,0.9936226883839474,0.0
fecobmgo,seed_1,45,-421.4549328678467,77,0.23536239468046682,1.416131498849607,0.0
fecobmgo,seed_1,46,-421.4682789464209,77,0.23518906898469777,1.3291496144700385,0.0
fecobmgo,seed_1,47,-423.2341446765371,77,0.21225574781435802,0.9132621212016261,0.0
fecobmgo,seed_1,48,-424.4932398170563,77,0.19590386287255013,0.9782698520041269,0.0
fecobmgo,seed_1,49,-423.6014895095887,77,0.20748503569680454,2.0543216622906044,0.0
fecobmgo,seed_1,50,-426.11972083026143,77,0.174780732830925,1.9342665787826139,0.0
fecobmgo,seed_1,51,-421.39049166020686,77,0.23619929348098428,2.149717101887939,0.0
fecobmgo,seed_1,52,-424.34644127661426,77,0.1978103374237454,2.239520747408765,0.0
fecobmgo,seed_1,53,-422.9934854788478,77,0.21538119194019306,2.53939382460846,0.0
fecobmgo,seed_1,54,-428.12452801063813,77,0.14874427594291587,2.1604169908085726,0.0
fecobmgo,seed_1,55,-427.22784803205235,77,0.16038947047000393,2.0543127365596003,0.0
fecobmgo,seed_1,56,-425.9649764545214,77,0.17679040004832824,2.9284060562594068,0.0
fecobmgo,seed_1,57,-427.4324567836142,77,0.1577322139562135,2.1694368060342892,0.0
fecobmgo,seed_1,58,-425.12365654144827,77,0.18771663268564134,2.676149473377489,0.0
fecobmgo,seed_1,59,-428.30493116346065,77,0.1464013778543117,2.109328845215444,0.0
fecobmgo,seed_1,60,-428.0758541213767,77,0.14937640437488223,0.8587131444264884,0.0
fecobmgo,seed_1,61,-428.2550245700758,77,0.1470495154307381,2.4901558064496108,0.0
fecobmgo,seed_1,62,-422.26106388387655,77,0.22489316070605334,2.2472956907523365,0.0
fecobmgo,seed_1,63,-430.8732152635956,77,0.11304703889151983,2.563051253100877,0.0
fecobmgo,seed_1,64,-426.9896170134415,77,0.16348337980261252,1.0217889891852128,0.0
fecobmgo,seed_1,65,-428.2728021438729,77,0.14681863784895752,2.621511298774019,0.0
fecobmgo,seed_1,66,-426.4574584645086,77,0.17039452978875405,2.115114569814631,0.0
fecobmgo,seed_1,67,-433.5033983202014,77,0.07888881737715878,2.874422556064408,0.0
fecobmgo,seed_1,68,-433.8288680656801,77,0.0746619375657471,2.655587084286969,0.0
fecobmgo,seed_1,69,-431.70304269837965,77,0.10227005921900006,2.6293004741332346,0.0
fecobmgo,seed_1,70,-437.14137296499115,77,0.0316423934188507,2.8011743261560174,0.0
fecobmgo,seed_1,71,-435.48090848418224,77,0.05320686719558982,2.832711785633439,0.0
fecobmgo,seed_1,72,-435.03556187156715,77,0.05899058943734414,2.9065656417814,0.0
fecobmgo,seed_1,73,-435.3937989532724,77,0.05433815980480873,2.8453324202049224,0.0
fecobmgo,seed_1,74,-436.3487141276743,77,0.04193666403335487,2.817634018398886,0.0
fecobmgo,seed_1,75,-436.89047095118104,77,0.034900861130670244,2.90292120393042,0.0
fecobmgo,seed_1,76,-437.70207690543265,77,0.024360524062467595,2.9270184890286153,0.0
fecobmgo,seed_1,77,-437.13087552499536,77,0.03177872380840639,2.680415749096225,0.0
fecobmgo,seed_1,78,-430.3923824304959,77,0.11929162113956822,2.8871624302827907,0.0
fecobmgo,seed_1,79,-437.110918843631,77,0.03203790148846305,3.359669096564378,0.0
fecobmgo,seed_1,80,-436.2120713146274,77,0.04371124602097738,2.7557513489555596,0.0
fecobmgo,seed_1,81,-435.03407226224175,77,0.059009935012998734,2.6421164041361376,0.0
fecobmgo,seed_1,82,-435.0294937724237,77,0.05906939591972695,3.7854794803689256,0.0
fecobmgo,seed_1,83,-439.25216884732606,77,0.0042294598820336584,3.6158219044270883,0.0
fecobmgo,seed_1,84,-437.7985014308042,77,0.023108257499200577,4.5907381818418,0.0
fecobmgo,seed_1,85,-429.8429422837452,77,0.12642720746100622,2.548253547966894,0.0
fecobmgo,seed_1,86,-434.6438189300373,77,0.06407816010656305,4.615408605804788,0.0
fecobmgo,seed_1,87,-437.9230222466685,77,0.021491104046417634,2.842023511953906,0.0
fecobmgo,seed_1,88,-433.569112160672,77,0.07803539087754123,3.678152742633424,0.0
fecobmgo,seed_1,89,-437.0411577632933,77,0.03294388954479662,2.703054554713294,0.0
fecobmgo,seed_1,90,-432.0660523964122,77,0.0975556475562396,2.031079616459177,0.0
fecobmgo,seed_1,91,-437.08204621148025,77,0.0324128707371741,2.8035009898864356,0.0
fecobmgo,seed_1,92,-438.82753464444636,77,0.009744189789562251,3.5921889974388694,0.0
fecobmgo,seed_1,93,-439.53457399374577,77,0.0005618605778816392,3.391202832678685,0.0
fecobmgo,seed_1,94,-438.00302651949806,77,0.020452087516163488,2.933001455142744,0.0
fecobmgo,seed_1,95,-437.06530650430585,77,0.032630269531646765,3.6634474732431954,0.5
fecobmgo,seed_1,96,-438.4325000496478,77,0.014874509202530743,3.2991906035052168,0.0
fecobmgo,seed_1,97,-438.31664721736826,77,0.016379091439927225,2.9447980445601996,0.0
fecobmgo,seed_1,98,-438.5685519315591,77,0.013107601645240767,2.700849228044781,0.0
fecobmgo,seed_1,99,-434.99953364873306,77,0.05945848843518947,3.374378410034719,0.0
fecobmgo,seed_1,100,-439.57783725824265,77,0.0,3.451423426907011,0.0
fecobmgo,seed_2,10,-410.00641327006895,77,0.3840444673788793,0.17180284849971805,0.5
fecobmgo,seed_2,11,-417.83526532233685,77,0.28237106410267276,0.03933670946765311,0.0
fecobmgo,seed_2,12,-418.6645193756681,77,0.2716015309425269,0.15848652083361792,0.0
fecobmgo,seed_2,13,-414.6380163375036,77,0.32389377819141646,1.1311998878935405,0.0
fecobmgo,seed_2,14,-415.1574406152715,77,0.3171480083502744,0.3400442726160193,0.0
fecobmgo,seed_2,15,-413.09517972500174,77,0.343930617314817,1.1211358519896724,0.0
fecobmgo,seed_2,16,-411.06860479095326,77,0.37024977230245965,0.23191765167754674,0.0
fecobmgo,seed_2,17,-414.55108761937754,77,0.3250227225826638,1.333678113538955,0.0
fecobmgo,seed_2,18,-416.9535849617724,77,0.2938214583957178,0.19891274321348185,0.0
fecobmgo,seed_2,19,-413.6847498826026,77,0.33627386202129933,0.9940480925751487,0.0
fecobmgo,seed_2,20,-416.37994818711303,77,0.30127128663804703,0.25083403913992974,0.0
fecobmgo,seed_2,21,-418.16789843907964,77,0.2780511534956236,0.27508671680884866,0.5
fecobmgo,seed_2,22,-418.2448402732433,77,0.2770519088960953,0.10392159267803436,0.0
fecobmgo,seed_2,23,-419.90906889121936,77,0.2554385502210817,0.19100102534579477,0.0
fecobmgo,seed_2,24,-404.8744696702488,77,0.45069308555836174,2.226408272776311,0.0
fecobmgo,seed_2,25,-410.0155551326699,77,0.38392574189055556,2.486482587603069,0.5
fecobmgo,seed_2,26,-414.70635805157156,77,0.323006223463261,2.791232323073796,0.0
fecobmgo,seed_2,27,-422.0613998082774,77,0.22748620064889974,0.8416653458284156,0.0
fecobmgo,seed_2,28,-416.38688789952397,77,0.30118116050284005,2.712928781497327,0.0
fecobmgo,seed_2,29,-419.1059720697997,77,0.26586837907068783,0.6346993329032333,0.0
fecobmgo,seed_2,30,-411.3166283008534,77,0.3670286877583022,2.1365725768621076,0.0
fecobmgo,seed_2,31,-415.7457865902704,77,0.30950715153210684,2.422588632675799,0.0
fecobmgo,seed_2,32,-417.6841092415238,77,0.28433413008725783,2.1865996286917397,0.0
fecobmgo,seed_2,33,-416.5473644749321,77,0.29909704913390295,1.564351903469543,0.0
fecobmgo,seed_2,34,-417.06682206361415,77,0.292350846683487,2.1397585411491633,0.0
fecobmgo,seed_2,35,-416.42081840172784,77,0.30074050463006247,2.2085952872953456,0.0
fecobmgo,seed_2,36,-421.77666809806925,77,0.23118401506718703,0.6737883226134951,0.0
fecobmgo,seed_2,37,-418.3227636105072,77,0.2760399175030579,1.3038483602107362,0.0
fecobmgo,seed_2,38,-415.9888597446932,77,0.30635035731882443,2.511339801891511,0.5
fecobmgo,seed_2,39,-418.0159370457496,77,0.28002467808432563,1.0003512936596515,0.0
fecobmgo,seed_2,40,-424.43210227067715,77,0.19669785698137018,0.8111859597377133,0.0
fecobmgo,seed_2,41,-422.26263119457246,77,0.22487280602169077,0.9367258122822868,0.0
fecobmgo,seed_2,42,-423.8020144760974,77,0.20488081535253597,0.9755661912714775,0.0
fecobmgo,seed_2,43,-424.07184540662666,77,0.2013765175534544,1.0528248108871079,0.0
fecobmgo,seed_2,44,-422.40408905232204,77,0.22303569098598205,0.9865977590714294,0.0
fecobmgo,seed_2,45,-425.08036218783366,77,0.18827889701829864,1.9424228236070604,0.0
fecobmgo,seed_2,46,-415.76396853943857,77,0.309271022322131,2.8736498239027473,0.0
fecobmgo,seed_2,47,-424.05097547832406,77,0.2016475555833583,1.964874196851234,0.0
fecobmgo,seed_2,48,-423.5198544077958,77,0.2085452318239854,2.627522744890939,0.0
fecobmgo,seed_2,49,-422.0515202549211,77,0.22761450653664334,0.7993831606586852,0.0
fecobmgo,seed_2,50,-424.7899296297105,77,0.1920507484224953,1.0012137770672247,0.0
fecobmgo,seed_2,51,-422.74416984829065,77,0.2186190572721039,2.165448127237209,0.0
fecobmgo,seed_2,52,-423.67522821379833,77,0.20652739018758856,2.257005598507021,0.0
fecobmgo,seed_2,53,-422.54620530845045,77,0.22119002532197662,1.8523045988845794,0.5
fecobmgo,seed_2,54,-425.54219787673037,77,0.18228103092873094,2.2239041268545154,0.0
fecobmgo,seed_2,55,-425.87319088233727,77,0.1779824204663037,1.825474096200093,0.0
fecobmgo,seed_2,56,-426.82110396465754,77,0.16567186095565084,0.8266094373425723,0.0
fecobmgo,seed_2,57,-424.352224940502,77,0.19773522490572243,2.001402816840093,0.0
fecobmgo,seed_2,58,-419.34527266976886,77,0.2627605790710882,2.441785700004065,0.0
fecobmgo,seed_2,59,-424.871959664345,77,0.19098542329737195,1.353325736041926,0.0
fecobmgo,seed_2,60,-425.7483926501577,77,0.17960317672837586,1.0155753581721427,0.0
fecobmgo,seed_2,61,-425.76867287145836,77,0.1793397972309648,2.18207924095314,0.0
fecobmgo,seed_2,62,-427.74355715148846,77,0.15369194943836614,0.8819651902364871,0.0
fecobmgo,seed_2,63,-423.95620494699233,77,0.20287834170454966,2.4483669580511673,0.0
fecobmgo,seed_2,64,-424.77055730152034,77,0.19230233710028977,2.890435403178534,0.0
fecobmgo,seed_2,65,-422.8529259811553,77,0.2172066399621735,0.7319894769433599,0.0
fecobmgo,seed_2,66,-424.9213651000362,77,0.19034379426242132,1.063424323283316,0.0
fecobmgo,seed_2,67,-426.057406606056,77,0.17559000846995626,2.271438487774395,0.0
fecobmgo,seed_2,68,-426.9009260435318,77,0.16463521058066047,1.8771791159560163,0.0
fecobmgo,seed_2,69,-424.5937533984093,77,0.19459849168614718,2.1993410482073195,0.0
fecobmgo,seed_2,70,-421.310671535445,77,0.23723591847789147,2.69135899544238,0.0
fecobmgo,seed_2,71,-430.0176375653075,77,0.12415843757058645,1.3191112898065303,0.0
fecobmgo,seed_2,72,-429.0997459225088,77,0.13607910825628358,2.192269226428783,0.0
fecobmgo,seed_2,73,-429.4971421152705,77,0.1309181187398982,1.416728379365093,0.0
fecobmgo,seed_2,74,-429.3436486647952,77,0.13291154017464246,2.1150238914472332,0.0
fecobmgo,seed_2,75,-431.62173642345965,77,0.1033259848673117,2.529561044026467,0.0
fecobmgo,seed_2,76,-433.15009470713136,77,0.08347717598845836,2.505654154201105,0.0
fecobmgo,seed_2,77,-431.68756743071003,77,0.10247103672120286,3.422993759136686,0.0
fecobmgo,seed_2,78,-432.1419839008782,77,0.09656952412161643,2.9389649522527694,0.5
fecobmgo,seed_2,79,-432.08008540744476,77,0.09737340065971295,2.9569556694781927,0.0
fecobmgo,seed_2,80,-433.3290807082087,77,0.08115268246797314,2.8648226008410873,0.5
fecobmgo,seed_2,81,-433.53374289203964,77,0.07849473202861054,3.1337947044483254,0.5
fecobmgo,seed_2,82,-432.89628609509924,77,0.0867733917291352,2.8299649154433766,0.0
fecobmgo,seed_2,83,-429.7617659371609,77,0.12748144572833478,3.3851775762549305,0.5
fecobmgo,seed_2,84,-433.11980024709567,77,0.08387061053437643,3.6523705432263256,0.0
fecobmgo,seed_2,85,-432.13269636914794,77,0.09669014141681449,2.951436393244961,0.0
fecobmgo,seed_2,86,-430.4741436897111,77,0.11822978660430553,3.354511886488945,0.0
fecobmgo,seed_2,87,-433.8738830688147,77,0.07407732713542825,3.0703307517472194,0.0
fecobmgo,seed_2,88,-432.21474664645046,77,0.09562455339989855,4.442604572222601,0.5
fecobmgo,seed_2,89,-432.3397719182218,77,0.0940008485716994,3.0685403975832415,0.0
fecobmgo,seed_2,90,-433.87134211383704,77,0.07411032655072218,2.883053748624171,0.5
fecobmgo,seed_2,91,-431.4969214769681,77,0.10494695819837066,3.6114481098530398,0.0
fecobmgo,seed_2,92,-434.39545959537554,77,0.06730360601126119,2.8406063264941412,0.5
fecobmgo,seed_2,93,-432.4794899740687,77,0.09218632836589533,3.6599086481891856,0.0
fecobmgo,seed_2,94,-434.50049463818453,77,0.06593951454620933,2.899298192990802,0.0
fecobmgo,seed_2,95,-432.5174605074122,77,0.09169320455623989,3.0399842765421106,0.0
fecobmgo,seed_2,96,-433.62894314448846,77,0.07725836511369082,3.321566076798401,0.0
fecobmgo,seed_2,97,-434.4893329378362,77,0.06608447169359036,2.8067338730507014,0.0
fecobmgo,seed_2,98,-431.7447820219993,77,0.10172799008108252,3.353791245630241,0.0
fecobmgo,seed_2,99,-436.85937064092855,77,0.03530476126381957,3.3206606963825926,0.0
fecobmgo,seed_2,100,-434.9924598724408,77,0.05955035565976426,2.8136901610569467,0.0
